time,x,y,z,
12,-0.98339844,-0.041503906,-0.10839844,
45,-0.9819336,-0.040039062,-0.106933594,
47,-0.98046875,-0.036621094,-0.1015625,
53,-0.98339844,-0.034179688,-0.09082031,
57,-0.98779297,-0.040039062,-0.08642578,
58,-0.98535156,-0.04736328,-0.080566406,
68,-0.9790039,-0.048828125,-0.079589844,
79,-0.9848633,-0.04638672,-0.080566406,
90,-0.9873047,-0.041015625,-0.080566406,
102,-0.9824219,-0.03857422,-0.08154297,
113,-0.9863281,-0.040039062,-0.08496094,
125,-0.98535156,-0.04248047,-0.087890625,
126,-0.98339844,-0.043945312,-0.09423828,
137,-0.98095703,-0.04296875,-0.099609375,
148,-0.9838867,-0.038085938,-0.099121094,
159,-0.98339844,-0.037109375,-0.09814453,
170,-0.9794922,-0.03564453,-0.095214844,
181,-0.9819336,-0.033203125,-0.092285156,
192,-0.98291016,-0.033691406,-0.088378906,
204,-0.98339844,-0.03857422,-0.087402344,
206,-0.98583984,-0.03955078,-0.08544922,
214,-0.984375,-0.03515625,-0.08154297,
227,-0.9824219,-0.032714844,-0.0859375,
237,-0.98339844,-0.034179688,-0.08691406,
249,-0.984375,-0.03125,-0.08105469,
260,-0.9819336,-0.036132812,-0.08251953,
271,-0.98095703,-0.03173828,-0.07910156,
283,-0.98291016,-0.02734375,-0.07519531,
284,-0.98339844,-0.03466797,-0.07470703,
293,-0.98339844,-0.03564453,-0.07470703,
305,-0.9848633,-0.03173828,-0.07128906,
316,-0.9868164,-0.036621094,-0.07324219,
327,-0.9848633,-0.038085938,-0.07714844,
339,-0.98291016,-0.04345703,-0.08544922,
350,-0.98535156,-0.04345703,-0.09033203,
361,-0.9838867,-0.04296875,-0.09814453,
362,-0.9819336,-0.040527344,-0.1015625,
372,-0.98535156,-0.037597656,-0.10498047,
383,-0.98339844,-0.038085938,-0.10595703,
395,-0.97802734,-0.03955078,-0.10449219,
406,-0.9819336,-0.04248047,-0.099609375,
418,-0.9824219,-0.03564453,-0.09326172,
429,-0.98291016,-0.038085938,-0.08642578,
440,-0.9848633,-0.03857422,-0.08300781,
441,-0.98828125,-0.040039062,-0.08691406,
451,-0.9868164,-0.037109375,-0.092285156,
462,-0.98339844,-0.037109375,-0.095214844,
474,-0.9814453,-0.04248047,-0.095214844,
484,-0.9824219,-0.040039062,-0.095703125,
496,-0.9848633,-0.041503906,-0.09375,
509,-0.984375,-0.037597656,-0.091308594,
546,-0.9848633,-0.03515625,-0.083496094,
547,-0.9824219,-0.036132812,-0.08691406,
552,-0.98046875,-0.036132812,-0.08642578,
559,-0.98583984,-0.03466797,-0.08300781,
568,-0.9785156,-0.023925781,-0.08154297,
574,-0.97998047,-0.025878906,-0.083984375,
586,-0.9824219,-0.030273438,-0.080078125,
597,-0.98291016,-0.036132812,-0.080566406,
609,-0.9848633,-0.0390625,-0.08496094,
610,-0.9868164,-0.036621094,-0.088378906,
620,-0.98876953,-0.03173828,-0.088378906,
631,-0.98095703,-0.025390625,-0.087890625,
643,-0.9770508,-0.02734375,-0.08544922,
667,-0.9814453,-0.022460938,-0.083984375,
673,-0.9824219,-0.030273438,-0.079589844,
678,-0.97998047,-0.030273438,-0.080566406,
689,-0.9819336,-0.029296875,-0.080566406,
692,-0.98291016,-0.03125,-0.080078125,
700,-0.9794922,-0.037597656,-0.08203125,
723,-0.9814453,-0.03466797,-0.084472656,
728,-0.9838867,-0.034179688,-0.0859375,
734,-0.9819336,-0.030761719,-0.08642578,
745,-0.9794922,-0.033203125,-0.08544922,
759,-0.9814453,-0.036621094,-0.08300781,
779,-0.9824219,-0.041503906,-0.084472656,
781,-0.98876953,-0.044433594,-0.09033203,
783,-0.99560547,-0.043945312,-0.095214844,
792,-0.9941406,-0.04248047,-0.103515625,
801,-0.98095703,-0.041503906,-0.10839844,
812,-0.97998047,-0.037109375,-0.10888672,
823,-0.98535156,-0.037597656,-0.10644531,
834,-0.9814453,-0.043945312,-0.10107422,
845,-0.97802734,-0.04248047,-0.09716797,
848,-0.9819336,-0.038085938,-0.095214844,
868,-0.984375,-0.03466797,-0.09375,
872,-0.9814453,-0.028808594,-0.09423828,
881,-0.9819336,-0.025390625,-0.09033203,
890,-0.97998047,-0.029296875,-0.08300781,
901,-0.9790039,-0.03466797,-0.07861328,
912,-0.9794922,-0.03515625,-0.07373047,
924,-0.984375,-0.036132812,-0.061035156,
925,-0.9995117,-0.046875,-0.03857422,
935,-0.99072266,-0.04638672,-0.040039062,
960,-0.9824219,-0.04345703,-0.033691406,
963,-0.9897461,-0.03857422,-0.0146484375,
972,-0.98095703,-0.020019531,-0.01171875,
981,-0.9589844,-0.0126953125,-0.0073242188,
992,-0.9555664,4.8828125E-4,-0.0107421875,
1003,-0.96728516,-0.0014648438,-0.012207031,
1015,-0.96777344,-0.022460938,-0.0126953125,
1017,-0.97216797,-0.041992188,-0.015136719,
1045,-0.9741211,-0.052246094,-0.020019531,
1046,-0.9692383,-0.055664062,-0.023925781,
1049,-0.96533203,-0.055664062,-0.027832031,
1062,-0.9736328,-0.057617188,-0.023925781,
1082,-0.97558594,-0.057128906,-0.036132812,
1085,-0.9785156,-0.053710938,-0.07080078,
1093,-0.98339844,-0.057128906,-0.091796875,
1103,-0.9892578,-0.0625,-0.115234375,
1115,-0.9970703,-0.071777344,-0.15625,
1127,-0.9863281,-0.06591797,-0.18798828,
1142,-0.98779297,-0.06298828,-0.21875,
1150,-0.99121094,-0.060058594,-0.23828125,
1163,-0.99121094,-0.06201172,-0.24414062,
1173,-0.9916992,-0.07714844,-0.25097656,
1176,-0.9873047,-0.07324219,-0.25585938,
1184,-0.9897461,-0.059570312,-0.25830078,
1195,-0.9916992,-0.053222656,-0.25634766,
1207,-0.9868164,-0.057617188,-0.24267578,
1217,-0.9785156,-0.06347656,-0.22949219,
1230,-0.9819336,-0.063964844,-0.2055664,
1240,-0.9785156,-0.06347656,-0.18652344,
1264,-0.97509766,-0.060058594,-0.17089844,
1268,-0.98046875,-0.052246094,-0.14794922,
1272,-0.9814453,-0.0546875,-0.13623047,
1278,-0.9770508,-0.0546875,-0.13574219,
1284,-0.98046875,-0.04736328,-0.1303711,
1295,-0.97558594,-0.041503906,-0.12451172,
1306,-0.97509766,-0.037109375,-0.118652344,
1317,-0.9814453,-0.040527344,-0.119140625,
1329,-0.9819336,-0.044921875,-0.12011719,
1330,-0.98291016,-0.047851562,-0.11621094,
1340,-0.97509766,-0.04736328,-0.12548828,
1353,-0.97558594,-0.044921875,-0.13378906,
1368,-0.9819336,-0.049316406,-0.14111328,
1384,-0.9848633,-0.05029297,-0.14990234,
1388,-0.97802734,-0.04736328,-0.1586914,
1396,-0.9707031,-0.044921875,-0.1616211,
1408,-0.97265625,-0.045898438,-0.171875,
1441,-0.9716797,-0.053710938,-0.17773438,
1442,-0.97314453,-0.059570312,-0.18164062,
1443,-0.9760742,-0.057617188,-0.18359375,
1454,-0.984375,-0.059570312,-0.18261719,
1456,-0.98876953,-0.06738281,-0.19042969,
1463,-0.9946289,-0.07421875,-0.1953125,
1474,-0.9848633,-0.06933594,-0.21289062,
1485,-0.9868164,-0.06201172,-0.22265625,
1498,-0.9873047,-0.041015625,-0.22851562,
1499,-0.9819336,-0.025390625,-0.23486328,
1519,-0.97998047,-0.034179688,-0.23632812,
1525,-0.97314453,-0.033691406,-0.23339844,
1561,-0.9716797,-0.041503906,-0.22558594,
1562,-0.97216797,-0.032714844,-0.21728516,
1565,-0.9716797,-0.037597656,-0.21289062,
1578,-0.97509766,-0.028320312,-0.20410156,
1579,-0.9682617,-0.024902344,-0.19238281,
1587,-0.9692383,-0.028808594,-0.18457031,
1599,-0.96533203,-0.027832031,-0.1796875,
1621,-0.97216797,-0.03173828,-0.1743164,
1623,-0.9741211,-0.04248047,-0.16992188,
1632,-0.97021484,-0.044433594,-0.16845703,
1642,-0.96777344,-0.03173828,-0.16699219,
1654,-0.9658203,-0.022949219,-0.16064453,
1660,-0.96484375,-0.024414062,-0.15673828,
1667,-0.9707031,-0.019042969,-0.16357422,
1679,-0.98095703,-0.026855469,-0.171875,
1688,-0.9921875,-0.03515625,-0.18408203,
1700,-0.99316406,-0.046875,-0.19482422,
1710,-0.98535156,-0.041015625,-0.19335938,
1722,-0.9746094,-0.029296875,-0.1850586,
1734,-0.97216797,-0.024414062,-0.1694336,
1745,-0.9667969,-0.01171875,-0.15576172,
1755,-0.96533203,4.8828125E-4,-0.1538086,
1768,-0.96875,0.0078125,-0.15722656,
1779,-0.97753906,0.0024414062,-0.1743164,
1796,-0.9814453,4.8828125E-4,-0.20507812,
1803,-0.97753906,0.011230469,-0.22851562,
1811,-0.9741211,0.017578125,-0.2475586,
1822,-0.97216797,0.023925781,-0.2529297,
1824,-0.96484375,0.027832031,-0.25585938,
1834,-0.9536133,0.021484375,-0.26171875,
1845,-0.94677734,0.009277344,-0.25878906,
1857,-0.94873047,0.0,-0.25585938,
1880,-0.96435547,-0.0126953125,-0.2524414,
1881,-0.984375,-0.0234375,-0.25195312,
1890,-0.9946289,-0.023925781,-0.25927734,
1905,-0.97998047,-0.013183594,-0.2607422,
1913,-0.97998047,-0.025878906,-0.2475586,
1924,-0.9760742,-0.028320312,-0.23486328,
1936,-0.9760742,-0.017578125,-0.22363281,
1947,-0.98876953,-0.023925781,-0.20996094,
1958,-0.99121094,-0.017578125,-0.20166016,
1982,-0.97314453,0.0053710938,-0.18945312,
1983,-0.95996094,0.0146484375,-0.17333984,
1991,-0.9536133,0.0146484375,-0.16455078,
1996,-0.96435547,-0.0029296875,-0.15429688,
2003,-0.97314453,-0.0073242188,-0.1484375,
2018,-0.9794922,-0.0014648438,-0.15039062,
2026,-0.98876953,0.0063476562,-0.1538086,
2036,-0.98291016,0.0126953125,-0.15429688,
2048,-0.9794922,0.013183594,-0.15722656,
2059,-0.9848633,0.013671875,-0.16308594,
2061,-0.97509766,0.01171875,-0.15722656,
2070,-0.96435547,0.0053710938,-0.14892578,
2082,-0.9560547,0.009277344,-0.14355469,
2093,-0.95751953,0.0107421875,-0.13964844,
2104,-0.96728516,0.0063476562,-0.13476562,
2116,-0.9746094,0.005859375,-0.13134766,
2127,-0.9770508,0.009765625,-0.1352539,
2139,-0.98291016,0.024414062,-0.13720703,
2140,-0.9814453,0.028320312,-0.13916016,
2150,-0.9770508,0.028320312,-0.13867188,
2160,-0.97509766,0.024902344,-0.13720703,
2173,-0.97216797,0.021972656,-0.13183594,
2183,-0.9716797,0.017578125,-0.13330078,
2194,-0.9682617,0.014160156,-0.13964844,
2206,-0.97753906,0.0078125,-0.14501953,
2217,-0.9765625,0.010253906,-0.15576172,
2221,-0.97802734,0.0078125,-0.16015625,
2228,-0.98095703,0.0126953125,-0.16796875,
2240,-0.9824219,0.012207031,-0.17333984,
2251,-0.9794922,0.015136719,-0.17285156,
2273,-0.97314453,0.0126953125,-0.17382812,
2274,-0.9736328,0.0073242188,-0.17382812,
2285,-0.97216797,0.0034179688,-0.16601562,
2295,-0.97265625,0.0043945312,-0.16308594,
2308,-0.9746094,0.01171875,-0.15820312,
2309,-0.98339844,0.010253906,-0.15136719,
2318,-0.9824219,0.014160156,-0.14794922,
2331,-0.9794922,0.017089844,-0.14160156,
2340,-0.9824219,0.0146484375,-0.1352539,
2352,-0.9863281,0.013183594,-0.1328125,
2363,-0.9819336,0.013183594,-0.12890625,
2374,-0.9794922,0.0107421875,-0.13183594,
2386,-0.98046875,0.0126953125,-0.13232422,
2389,-0.97509766,0.016601562,-0.13232422,
2398,-0.9765625,0.011230469,-0.13134766,
2408,-0.98583984,0.0087890625,-0.12939453,
2420,-0.98828125,0.0078125,-0.13134766,
2431,-0.97802734,0.0146484375,-0.12988281,
2444,-0.9716797,0.016601562,-0.13720703,
2453,-0.9716797,0.009277344,-0.14550781,
2477,-0.9794922,0.0053710938,-0.14746094,
2480,-0.9794922,0.009277344,-0.15332031,
2483,-0.9760742,0.01171875,-0.15185547,
2488,-0.97753906,0.0146484375,-0.14648438,
2499,-0.97753906,0.0078125,-0.14111328,
2510,-0.97802734,0.0078125,-0.13769531,
2521,-0.9824219,0.014160156,-0.13720703,
2534,-0.9824219,0.016601562,-0.13867188,
2555,-0.9765625,0.016601562,-0.1328125,
2556,-0.97265625,0.018066406,-0.12841797,
2558,-0.97802734,0.01171875,-0.12890625,
2566,-0.98095703,0.0043945312,-0.12646484,
2577,-0.98095703,0.0034179688,-0.12646484,
2588,-0.9824219,0.0107421875,-0.123535156,
2599,-0.9838867,0.013183594,-0.12646484,
2611,-0.984375,0.0068359375,-0.13232422,
2622,-0.98046875,0.0073242188,-0.13574219,
2623,-0.9785156,0.005859375,-0.1381836,
2633,-0.9790039,0.0043945312,-0.13964844,
2645,-0.97802734,0.0048828125,-0.1352539,
2656,-0.9765625,0.005859375,-0.1352539,
2668,-0.9770508,0.011230469,-0.1352539,
2693,-0.9814453,0.0053710938,-0.12695312,
2696,-0.9838867,0.0029296875,-0.123046875,
2706,-0.984375,0.0053710938,-0.119628906,
2713,-0.9824219,0.009277344,-0.115234375,
2715,-0.9814453,0.009765625,-0.11425781,
2724,-0.9790039,0.013671875,-0.11669922,
2736,-0.9790039,0.013671875,-0.12060547,
2746,-0.9819336,0.015136719,-0.12158203,
2757,-0.984375,0.014160156,-0.13085938,
2769,-0.9892578,0.011230469,-0.13427734,
2780,-0.99316406,0.0029296875,-0.1303711,
2792,-0.9848633,-0.0068359375,-0.12109375,
2807,-0.9765625,-0.0029296875,-0.11621094,
2813,-0.9819336,-0.0014648438,-0.104003906,
2825,-0.9790039,0.00390625,-0.09472656,
2836,-0.9711914,0.0107421875,-0.09375,
2847,-0.9770508,0.013671875,-0.08251953,
2860,-0.98291016,0.020019531,-0.07714844,
2871,-0.98535156,0.016113281,-0.07421875,
2874,-0.9892578,0.014160156,-0.07128906,
2896,-0.98291016,0.0068359375,-0.071777344,
2901,-0.9790039,0.0034179688,-0.076660156,
2911,-0.9760742,0.009765625,-0.08251953,
2916,-0.97509766,0.008300781,-0.09082031,
2926,-0.9814453,0.0087890625,-0.092285156,
2938,-0.98535156,0.012207031,-0.09033203,
2949,-0.9819336,0.0053710938,-0.09375,
2950,-0.98046875,0.00390625,-0.09375,
2960,-0.9838867,0.0078125,-0.091796875,
2972,-0.9819336,0.015136719,-0.09716797,
2983,-0.9838867,0.012207031,-0.096191406,
2994,-0.98095703,0.01171875,-0.09814453,
3005,-0.97998047,0.012207031,-0.095214844,
3017,-0.9765625,0.016113281,-0.092285156,
3028,-0.9785156,0.014160156,-0.09375,
3041,-0.9790039,0.0107421875,-0.096191406,
3042,-0.9814453,0.013671875,-0.09667969,
3051,-0.98535156,0.012207031,-0.09814453,
3061,-0.98291016,0.0126953125,-0.09716797,
3076,-0.9819336,0.0078125,-0.09277344,
3083,-0.97998047,0.0048828125,-0.08496094,
3094,-0.98046875,0.0014648438,-0.088378906,
3106,-0.98291016,0.00390625,-0.09082031,
3118,-0.9838867,0.00390625,-0.091796875,
3119,-0.9838867,0.00390625,-0.095214844,
3130,-0.98583984,0.0048828125,-0.08984375,
3141,-0.9824219,0.005859375,-0.08984375,
3152,-0.9794922,0.001953125,-0.083496094,
3163,-0.9785156,0.0043945312,-0.076171875,
3176,-0.97998047,9.765625E-4,-0.072753906,
3185,-0.98046875,0.0043945312,-0.07080078,
3199,-0.98339844,0.0063476562,-0.06738281,
3201,-0.9814453,0.0087890625,-0.064941406,
3210,-0.9814453,0.0087890625,-0.06933594,
3223,-0.98046875,0.009277344,-0.072265625,
3232,-0.98046875,0.009765625,-0.068847656,
3243,-0.97998047,0.011230469,-0.068359375,
3254,-0.97802734,0.009765625,-0.06640625,
3265,-0.9790039,0.0073242188,-0.06689453,
3277,-0.98339844,0.0068359375,-0.06933594,
3279,-0.984375,0.0029296875,-0.06982422,
3288,-0.9873047,0.0048828125,-0.07470703,
3298,-0.9838867,0.0024414062,-0.08105469,
3310,-0.984375,0.0014648438,-0.08691406,
3321,-0.9785156,0.0014648438,-0.09033203,
3332,-0.98339844,-0.00390625,-0.09277344,
3343,-0.98876953,-0.0087890625,-0.09326172,
3354,-0.98535156,-0.0048828125,-0.09765625,
3356,-0.9819336,-0.0043945312,-0.09765625,
3366,-0.98339844,-0.005859375,-0.09423828,
3382,-0.9868164,-0.01171875,-0.09375,
3390,-0.9892578,-0.012207031,-0.09765625,
3401,-0.98779297,-0.010253906,-0.09472656,
3411,-0.9848633,-0.0063476562,-0.087890625,
3423,-0.98535156,-0.0107421875,-0.08300781,
3435,-0.9873047,-0.012207031,-0.07763672,
3439,-0.984375,-0.012207031,-0.06933594,
3448,-0.9794922,-0.011230469,-0.059570312,
3456,-0.98095703,-0.01171875,-0.059570312,
3467,-0.98291016,-0.001953125,-0.05517578,
3479,-0.98095703,4.8828125E-4,-0.053710938,
3491,-0.97998047,0.001953125,-0.052246094,
3502,-0.98291016,0.00390625,-0.049804688,
3525,-0.98339844,-0.0029296875,-0.05126953,
3531,-0.98339844,-0.0053710938,-0.052246094,
3546,-0.9838867,-0.005859375,-0.0546875,
3547,-0.9814453,-0.001953125,-0.057128906,
3550,-0.98339844,9.765625E-4,-0.055664062,
3559,-0.9838867,-0.0073242188,-0.060546875,
3571,-0.98339844,-0.012207031,-0.061523438,
3579,-0.9794922,-0.0087890625,-0.0625,
3590,-0.97998047,-0.0078125,-0.064941406,
3602,-0.9814453,-0.0034179688,-0.07128906,
3603,-0.98046875,-0.0024414062,-0.07373047,
3612,-0.9838867,-0.0078125,-0.07910156,
3624,-0.98339844,-0.011230469,-0.080078125,
3636,-0.9838867,-0.0126953125,-0.076660156,
3647,-0.98291016,-0.014160156,-0.078125,
3658,-0.9819336,-0.01171875,-0.08496094,
3670,-0.9824219,-0.0087890625,-0.083496094,
3681,-0.98339844,-0.009277344,-0.083496094,
3684,-0.98291016,-0.0087890625,-0.080078125,
3692,-0.98779297,-0.009277344,-0.08300781,
3703,-0.98779297,-0.0078125,-0.08642578,
3714,-0.9794922,-0.0063476562,-0.08544922,
3725,-0.9790039,-0.009765625,-0.08691406,
3737,-0.9814453,-0.020507812,-0.08886719,
3760,-0.9926758,-0.0234375,-0.08203125,
3770,-0.99365234,-0.024902344,-0.088378906,
3771,-0.9902344,-0.025390625,-0.09863281,
3773,-0.98583984,-0.023925781,-0.09863281,
3782,-0.9765625,-0.013183594,-0.09863281,
3793,-0.97509766,-0.0078125,-0.09667969,
3803,-0.98339844,-0.010253906,-0.09423828,
3827,-0.9814453,-0.009765625,-0.087890625,
3828,-0.97509766,-0.0048828125,-0.08203125,
3830,-0.9790039,-0.0073242188,-0.08154297,
3849,-0.9824219,-0.0073242188,-0.08203125,
3850,-0.9770508,0.00390625,-0.08544922,
3860,-0.9760742,4.8828125E-4,-0.083496094,
3871,-0.98535156,-0.0107421875,-0.087890625,
3883,-0.99365234,-0.021972656,-0.09667969,
3907,-0.99365234,-0.021972656,-0.099121094,
3909,-0.98779297,-0.023925781,-0.10449219,
3919,-0.98535156,-0.022460938,-0.095214844,
3928,-0.98779297,-0.013183594,-0.080078125,
3943,-0.9760742,-0.009765625,-0.0625,
3951,-0.97998047,-0.0053710938,-0.060546875,
3961,-0.9765625,-0.0024414062,-0.06201172,
3972,-0.9692383,-0.0034179688,-0.072265625,
4000,-0.9765625,-0.0068359375,-0.08642578,
4001,-0.98583984,-0.0053710938,-0.10253906,
4002,-0.9838867,-0.001953125,-0.119628906,
4018,-0.99072266,0.0068359375,-0.1328125,
4019,-0.9916992,0.01953125,-0.14111328,
4029,-0.98095703,4.8828125E-4,-0.14941406,
4048,-0.9682617,-0.0073242188,-0.1484375,
4063,-0.96484375,-0.017089844,-0.14111328,
4066,-0.96191406,-0.028808594,-0.14501953,
4074,-0.9584961,-0.030761719,-0.13720703,
4097,-0.9628906,-0.025878906,-0.1303711,
4100,-0.9682617,-0.026367188,-0.12988281,
4101,-0.96728516,-0.029785156,-0.12890625,
4131,-0.9682617,-0.024414062,-0.12792969,
4133,-0.9716797,-0.017089844,-0.12060547,
4143,-0.97265625,-0.0146484375,-0.10986328,
4146,-0.96435547,-0.013671875,-0.104003906,
4153,-0.9663086,-0.021484375,-0.10644531,
4164,-0.99121094,-0.036132812,-0.125,
4189,-1.0009766,-0.044433594,-0.14404297,
4190,-0.98535156,-0.043945312,-0.15917969,
4196,-0.97753906,-0.013671875,-0.16113281,
4201,-0.9765625,-0.008300781,-0.15429688,
4210,-0.96972656,-0.026855469,-0.15332031,
4222,-0.9682617,-0.04345703,-0.14941406,
4233,-0.96777344,-0.048339844,-0.14013672,
4245,-0.9638672,-0.045898438,-0.13232422,
4248,-0.95996094,-0.03466797,-0.12548828,
4256,-0.9604492,-0.036132812,-0.12011719,
4271,-0.9794922,-0.033691406,-0.12207031,
4281,-0.99121094,-0.022460938,-0.13964844,
4300,-0.99365234,-0.016113281,-0.17138672,
4305,-0.99072266,-0.01953125,-0.20507812,
4325,-0.9868164,-0.027832031,-0.22558594,
4326,-0.9736328,-0.022460938,-0.24511719,
4328,-0.9814453,-0.024414062,-0.2631836,
4340,-0.99316406,-0.045410156,-0.28466797,
4355,-0.98535156,-0.0703125,-0.30859375,
4357,-0.98583984,-0.064941406,-0.33007812,
4366,-0.98779297,-0.045898438,-0.3461914,
4377,-0.9897461,-0.032226562,-0.35205078,
4388,-0.98095703,-0.032714844,-0.3461914,
4401,-0.96777344,-0.03173828,-0.32763672,
4414,-0.9536133,-0.028320312,-0.30273438,
4415,-0.9580078,-0.040039062,-0.27734375,
4424,-0.96484375,-0.048828125,-0.25830078,
4435,-0.96191406,-0.04345703,-0.24951172,
4449,-0.9707031,-0.038085938,-0.24365234,
4458,-0.9824219,-0.037109375,-0.23730469,
4469,-0.9848633,-0.037109375,-0.22998047,
4481,-0.9868164,-0.03466797,-0.23095703,
4491,-0.9873047,-0.032714844,-0.23046875,
4494,-0.98291016,-0.027832031,-0.22558594,
4503,-0.97998047,-0.026367188,-0.21777344,
4514,-0.96484375,-0.03125,-0.22070312,
4557,-0.9682617,-0.041015625,-0.21923828,
4560,-0.96777344,-0.040039062,-0.2211914,
4566,-0.9658203,-0.041015625,-0.21826172,
4569,-0.9584961,-0.028320312,-0.21435547,
4572,-0.95166016,-0.030273438,-0.20947266,
4582,-0.9501953,-0.03564453,-0.20654297,
4602,-0.9511719,-0.04296875,-0.2055664,
4604,-0.9506836,-0.043945312,-0.21044922,
4613,-0.95751953,-0.033691406,-0.21191406,
4625,-0.9628906,-0.037109375,-0.21728516,
4637,-0.9633789,-0.04345703,-0.21826172,
4648,-0.9658203,-0.040039062,-0.21972656,
4649,-0.9663086,-0.045410156,-0.2163086,
4659,-0.9667969,-0.048339844,-0.2133789,
4670,-0.9716797,-0.046875,-0.20751953,
4683,-0.9716797,-0.0390625,-0.19921875,
4694,-0.97021484,-0.04248047,-0.20361328,
4704,-0.9692383,-0.043945312,-0.21044922,
4715,-0.97314453,-0.041503906,-0.2241211,
4740,-0.97998047,-0.033203125,-0.23730469,
4741,-0.9838867,-0.03173828,-0.24169922,
4743,-0.97998047,-0.03515625,-0.24658203,
4750,-0.9760742,-0.041015625,-0.24560547,
4760,-0.9746094,-0.03955078,-0.24267578,
4772,-0.97314453,-0.0390625,-0.24023438,
4783,-0.9716797,-0.04248047,-0.23388672,
4793,-0.97216797,-0.04248047,-0.22753906,
4805,-0.9667969,-0.045898438,-0.22705078,
4807,-0.96777344,-0.041015625,-0.23242188,
4819,-0.96972656,-0.028808594,-0.23535156,
4829,-0.9741211,-0.030761719,-0.2319336,
4840,-0.96972656,-0.036132812,-0.23486328,
4863,-0.9707031,-0.027832031,-0.23095703,
4866,-0.96533203,-0.027832031,-0.22265625,
4874,-0.9589844,-0.041992188,-0.21923828,
4885,-0.9614258,-0.044433594,-0.21728516,
4897,-0.9604492,-0.03857422,-0.20996094,
4902,-0.9560547,-0.037597656,-0.20458984,
4907,-0.96191406,-0.03515625,-0.2084961,
4919,-0.9692383,-0.03515625,-0.20898438,
4931,-0.97265625,-0.040039062,-0.20996094,
4956,-0.97802734,-0.032226562,-0.21191406,
4957,-0.9814453,-0.029785156,-0.21386719,
4964,-0.97753906,-0.026855469,-0.20996094,
4976,-0.97216797,-0.032226562,-0.20361328,
4978,-0.9633789,-0.032714844,-0.19580078,
4987,-0.9604492,-0.030761719,-0.18652344,
4998,-0.9658203,-0.033691406,-0.18701172,
5010,-0.9682617,-0.040527344,-0.19042969,
5020,-0.97314453,-0.037597656,-0.1928711,
5031,-0.9785156,-0.03466797,-0.20166016,
5058,-0.9814453,-0.030761719,-0.20703125,
5063,-0.98291016,-0.03173828,-0.203125,
5068,-0.97509766,-0.030273438,-0.20703125,
5071,-0.9770508,-0.033691406,-0.20898438,
5076,-0.97802734,-0.037109375,-0.20947266,
5086,-0.97216797,-0.04296875,-0.20507812,
5098,-0.9716797,-0.03125,-0.19921875,
5109,-0.9707031,-0.03125,-0.19628906,
5120,-0.9707031,-0.040527344,-0.1899414,
5131,-0.96728516,-0.041992188,-0.1821289,
5133,-0.97314453,-0.037597656,-0.1772461,
5142,-0.97314453,-0.041015625,-0.17333984,
5153,-0.97265625,-0.045410156,-0.18017578,
5165,-0.9682617,-0.04345703,-0.1850586,
5187,-0.9760742,-0.049804688,-0.19335938,
5189,-0.9941406,-0.045410156,-0.20410156,
5200,-0.9926758,-0.041015625,-0.21533203,
5212,-0.9892578,-0.036621094,-0.22167969,
5214,-0.9838867,-0.041503906,-0.234375,
5224,-0.97753906,-0.048828125,-0.2475586,
5233,-0.97998047,-0.04638672,-0.25390625,
5259,-0.9794922,-0.036621094,-0.24414062,
5260,-0.9746094,-0.028320312,-0.23095703,
5268,-0.9711914,-0.022460938,-0.21826172,
5279,-0.9707031,-0.019042969,-0.20605469,
5290,-0.9692383,-0.022460938,-0.18896484,
5302,-0.9663086,-0.025390625,-0.16699219,
5309,-0.96728516,-0.024414062,-0.14453125,
5313,-0.96777344,-0.018066406,-0.12207031,
5323,-0.97216797,-0.01171875,-0.106933594,
5335,-0.97558594,-0.0146484375,-0.09716797,
5346,-0.9819336,-0.016113281,-0.08496094,
5358,-0.99072266,-0.015625,-0.072265625,
5369,-0.9902344,-0.0043945312,-0.061523438,
5381,-0.9814453,9.765625E-4,-0.056640625,
5384,-0.9746094,0.00390625,-0.056152344,
5392,-0.97558594,0.0053710938,-0.04736328,
5402,-0.97753906,0.0,-0.048828125,
5437,-0.97509766,-0.01171875,-0.057128906,
5439,-0.97558594,-0.018554688,-0.067871094,
5441,-0.97802734,-0.0126953125,-0.07373047,
5451,-0.9794922,-0.0126953125,-0.07714844,
5453,-0.97802734,-0.013671875,-0.087890625,
5462,-0.9770508,-0.015136719,-0.08984375,
5470,-0.97802734,-0.013671875,-0.09765625,
5482,-0.9819336,-0.015136719,-0.103027344,
5492,-0.984375,-0.019042969,-0.10839844,
5503,-0.98535156,-0.020019531,-0.114746094,
5514,-0.98779297,-0.020996094,-0.12402344,
5525,-0.9848633,-0.016113281,-0.13574219,
5564,-0.984375,-0.013671875,-0.14355469,
5565,-0.9824219,-0.019042969,-0.1484375,
5576,-0.9897461,-0.022949219,-0.15332031,
5583,-0.99365234,-0.019042969,-0.16064453,
5586,-0.99316406,-0.024414062,-0.16113281,
5589,-0.9873047,-0.025390625,-0.171875,
5592,-0.9814453,-0.022949219,-0.17236328,
5603,-0.98339844,-0.018554688,-0.16992188,
5615,-0.98339844,-0.0068359375,-0.16503906,
5617,-0.9819336,-0.008300781,-0.16699219,
5627,-0.9785156,-0.011230469,-0.16259766,
5648,-0.98291016,-0.01171875,-0.15136719,
5651,-0.98876953,-0.011230469,-0.1430664,
5660,-0.9848633,-0.010253906,-0.13574219,
5672,-0.97509766,-0.0063476562,-0.12451172,
5683,-0.97558594,-0.0048828125,-0.11767578,
5693,-0.97998047,-0.0087890625,-0.107910156,
5705,-0.9838867,-0.0087890625,-0.10107422,
5709,-0.9824219,-0.005859375,-0.09326172,
5716,-0.9790039,-9.765625E-4,-0.08154297,
5727,-0.97558594,4.8828125E-4,-0.07373047,
5739,-0.9794922,9.765625E-4,-0.06689453,
5753,-0.98046875,9.765625E-4,-0.06640625,
5763,-0.98095703,0.0024414062,-0.06542969,
5776,-0.9790039,0.001953125,-0.06347656,
5779,-0.9770508,-9.765625E-4,-0.064453125,
5785,-0.98339844,-0.0029296875,-0.060058594,
5796,-0.98095703,-0.0014648438,-0.057128906,
5807,-0.9790039,0.00390625,-0.052246094,
5819,-0.9794922,-0.0034179688,-0.044921875,
5830,-0.9814453,-0.013183594,-0.04296875,
5854,-0.9819336,-0.016113281,-0.05029297,
5858,-0.98583984,-0.0126953125,-0.06689453,
5862,-0.98828125,-0.0107421875,-0.08251953,
5865,-0.98583984,-0.0043945312,-0.09277344,
5876,-0.98339844,0.010253906,-0.10839844,
5887,-0.9824219,0.033203125,-0.123046875,
5898,-0.9794922,0.049316406,-0.12841797,
5909,-0.9868164,0.052734375,-0.12646484,
5920,-0.9951172,0.057617188,-0.12402344,
5933,-0.98779297,0.06640625,-0.11669922,
5943,-0.9760742,0.067871094,-0.11230469,
5946,-0.97753906,0.056640625,-0.11035156,
5954,-0.9785156,0.03857422,-0.11035156,
5965,-0.9736328,0.029296875,-0.11279297,
5976,-0.97216797,0.028320312,-0.11425781,
5989,-0.9707031,0.0390625,-0.123046875,
6000,-0.97558594,0.052246094,-0.13085938,
6024,-0.9819336,0.05859375,-0.13476562,
6030,-0.99072266,0.057617188,-0.13671875,
6032,-0.99609375,0.057128906,-0.13769531,
6038,-0.9814453,0.063964844,-0.1381836,
6060,-0.9536133,0.0703125,-0.1381836,
6071,-0.96533203,0.055664062,-0.13574219,
6091,-0.9819336,0.038085938,-0.12792969,
6095,-0.984375,0.03466797,-0.12011719,
6099,-0.9819336,0.041015625,-0.1171875,
6100,-0.98535156,0.052734375,-0.111816406,
6111,-0.9951172,0.05810547,-0.10205078,
6121,-0.9946289,0.067871094,-0.09472656,
6132,-0.9873047,0.06591797,-0.08642578,
6143,-0.99072266,0.053222656,-0.083984375,
6156,-0.99658203,0.05126953,-0.087890625,
6167,-0.9941406,0.057128906,-0.091308594,
6178,-0.99560547,0.07519531,-0.09277344,
6190,-1.0039062,0.09423828,-0.100097656,
6191,-1.0029297,0.12158203,-0.11230469,
6201,-0.9897461,0.171875,-0.12158203,
6212,-0.9848633,0.21533203,-0.115722656,
6224,-0.99121094,0.20019531,-0.118652344,
6236,-0.9892578,0.14941406,-0.11621094,
6246,-0.9824219,0.10058594,-0.115722656,
6258,-0.9868164,0.056640625,-0.118652344,
6270,-1.0014648,0.023925781,-0.12158203,
6271,-1.0092773,0.009765625,-0.13378906,
6280,-1.0083008,0.008300781,-0.14794922,
6292,-0.9926758,0.018066406,-0.1616211,
6303,-0.97509766,0.027832031,-0.16308594,
6314,-0.9682617,0.026367188,-0.16796875,
6325,-0.9658203,0.04248047,-0.17773438,
6336,-0.95996094,0.06982422,-0.17626953,
6348,-0.9453125,0.095214844,-0.16845703,
6351,-0.93359375,0.09326172,-0.14990234,
6362,-0.9267578,0.07519531,-0.14257812,
6371,-0.9291992,0.05810547,-0.14160156,
6384,-0.93310547,0.045898438,-0.13574219,
6393,-0.9321289,0.04638672,-0.13134766,
6405,-0.93115234,0.061523438,-0.1352539,
6416,-0.93652344,0.06933594,-0.13720703,
6438,-0.94384766,0.07470703,-0.14355469,
6442,-0.94677734,0.08154297,-0.14892578,
6443,-0.95214844,0.0859375,-0.14892578,
6451,-0.9638672,0.092285156,-0.15283203,
6464,-0.9584961,0.10058594,-0.15136719,
6473,-0.9506836,0.10839844,-0.1459961,
6487,-0.94921875,0.10253906,-0.14013672,
6492,-0.9482422,0.084472656,-0.13574219,
6504,-0.94677734,0.07373047,-0.13623047,
6505,-0.9550781,0.07128906,-0.13427734,
6516,-0.9638672,0.06591797,-0.13720703,
6525,-0.96533203,0.05419922,-0.140625,
6537,-0.9638672,0.040527344,-0.1352539,
6563,-0.9550781,0.04638672,-0.1352539,
6570,-0.94921875,0.04736328,-0.13574219,
6582,-0.95458984,0.040039062,-0.13378906,
6593,-0.9628906,0.036621094,-0.13769531,
6595,-0.9633789,0.04638672,-0.14013672,
6604,-0.9560547,0.047851562,-0.13964844,
6616,-0.9628906,0.05126953,-0.1328125,
6629,-0.9692383,0.049316406,-0.13134766,
6641,-0.9716797,0.037597656,-0.13916016,
6653,-0.9785156,0.037597656,-0.15478516,
6663,-0.98779297,0.04345703,-0.17138672,
6674,-0.9921875,0.07421875,-0.1821289,
6678,-0.9892578,0.100097656,-0.18261719,
6685,-0.98291016,0.10253906,-0.1875,
6697,-0.9790039,0.10595703,-0.19384766,
6708,-0.99121094,0.109375,-0.18652344,
6719,-1.0004883,0.106933594,-0.1821289,
6730,-1.0019531,0.071777344,-0.18701172,
6742,-0.98828125,0.057617188,-0.18066406,
6753,-0.98339844,0.05517578,-0.17578125,
6756,-0.9995117,0.056640625,-0.1694336,
6763,-1.0068359,0.043945312,-0.16503906,
6775,-1.003418,0.032714844,-0.16064453,
6786,-1.0014648,0.026855469,-0.15771484,
6799,-0.9897461,0.010253906,-0.1508789,
6809,-0.9741211,-0.005859375,-0.14453125,
6821,-0.9663086,-0.005859375,-0.13330078,
6855,-0.9628906,0.005859375,-0.119140625,
6859,-0.9746094,0.019042969,-0.10839844,
6860,-0.98046875,0.028808594,-0.096191406,
6867,-0.9863281,0.0126953125,-0.084472656,
6879,-0.98095703,0.0048828125,-0.08544922,
6881,-0.9765625,0.013183594,-0.08300781,
6889,-0.9736328,0.032714844,-0.087890625,
6910,-0.97802734,0.036621094,-0.09033203,
6912,-0.98535156,0.025878906,-0.09472656,
6916,-0.9824219,0.020996094,-0.10839844,
6922,-0.98339844,0.013671875,-0.11816406,
6933,-0.9863281,0.008300781,-0.12011719,
6944,-0.97802734,0.013183594,-0.13085938,
6956,-0.97558594,0.016601562,-0.13085938,
6966,-0.9838867,0.027832031,-0.1328125,
6978,-0.9873047,0.013671875,-0.1381836,
6990,-0.98535156,-0.0034179688,-0.14208984,
7004,-0.9819336,-0.0068359375,-0.15039062,
7008,-0.97314453,-0.0024414062,-0.15576172,
7012,-0.97021484,0.0034179688,-0.1586914,
7023,-0.9741211,0.0034179688,-0.15625,
7033,-0.97265625,-4.8828125E-4,-0.15820312,
7052,-0.9716797,-0.0063476562,-0.16064453,
7058,-0.98291016,-0.015136719,-0.16259766,
7067,-0.9824219,-0.0034179688,-0.16357422,
7078,-0.9760742,0.0043945312,-0.16503906,
7080,-0.97265625,-4.8828125E-4,-0.16064453,
7089,-0.97314453,-0.018066406,-0.15527344,
7100,-0.97558594,-0.024902344,-0.14697266,
7111,-0.97753906,-0.025878906,-0.14648438,
7123,-0.97265625,-0.023925781,-0.14355469,
7134,-0.97216797,-0.021972656,-0.13574219,
7146,-0.96972656,-0.020996094,-0.13427734,
7159,-0.97998047,-0.01953125,-0.13769531,
7161,-0.9921875,-0.024414062,-0.13916016,
7169,-0.98828125,-0.028320312,-0.14453125,
7180,-0.9848633,-0.022460938,-0.15234375,
7191,-0.9863281,-0.014160156,-0.15917969,
7203,-0.98583984,-0.015136719,-0.16259766,
7215,-0.98291016,-0.027832031,-0.16210938,
7226,-0.9814453,-0.03515625,-0.16552734,
7237,-0.9824219,-0.034179688,-0.16308594,
7240,-0.97802734,-0.033691406,-0.16064453,
7248,-0.9746094,-0.028808594,-0.15771484,
7271,-0.97753906,-0.027832031,-0.15283203,
7273,-0.98046875,-0.026367188,-0.15234375,
7282,-0.984375,-0.033203125,-0.14208984,
7294,-0.98095703,-0.030273438,-0.13574219,
7303,-0.9838867,-0.0390625,-0.12939453,
7315,-0.99365234,-0.057617188,-0.125,
7318,-0.99316406,-0.052734375,-0.1303711,
7327,-0.984375,-0.03173828,-0.14208984,
7340,-0.98046875,0.001953125,-0.15820312,
7348,-0.97509766,0.025878906,-0.17822266,
7361,-0.9736328,0.020507812,-0.18701172,
7371,-0.98046875,0.0024414062,-0.19384766,
7382,-0.9863281,-0.019042969,-0.19384766,
7393,-0.9863281,-0.03466797,-0.1875,
7395,-0.98291016,-0.052734375,-0.1694336,
7404,-0.98095703,-0.052246094,-0.14892578,
7415,-0.9819336,-0.056640625,-0.14550781,
7425,-0.97998047,-0.044921875,-0.14794922,
7439,-0.9736328,-0.03466797,-0.14404297,
7448,-0.96728516,-0.02734375,-0.14941406,
7460,-0.9765625,-0.029296875,-0.15576172,
7474,-0.97558594,-0.0078125,-0.15966797,
7481,-0.97558594,-0.009765625,-0.15478516,
7483,-0.97802734,-0.032714844,-0.15478516,
7506,-0.98046875,-0.04638672,-0.1484375,
7510,-0.9716797,-0.043945312,-0.1508789,
7515,-0.9580078,0.008300781,-0.14404297,
7527,-0.984375,0.0,-0.122558594,
7538,-1.0083008,-0.057128906,-0.09667969,
7577,-1.0107422,-0.10644531,-0.06982422,
7578,-0.96435547,-0.100097656,-0.0390625,
7579,-0.97021484,-0.095214844,-0.04345703,
7583,-0.9707031,-0.08642578,-0.032226562,
7594,-0.98876953,-0.0859375,-0.020019531,
7606,-0.98291016,-0.11035156,-0.036621094,
7630,-0.9663086,-0.122558594,-0.064453125,
7633,-0.9716797,-0.09716797,-0.09326172,
7648,-0.9848633,-0.063964844,-0.107421875,
7649,-0.9897461,-0.04736328,-0.1171875,
7651,-0.97558594,-0.06591797,-0.12890625,
7662,-0.98291016,-0.100097656,-0.13916016,
7679,-0.9785156,-0.100097656,-0.1665039,
7684,-0.97265625,-0.07128906,-0.18847656,
7696,-0.9863281,-0.040527344,-0.18554688,
7711,-0.9916992,-0.026855469,-0.1694336,
7718,-0.9824219,-0.052246094,-0.14404297,
7726,-0.9760742,-0.13183594,-0.13769531,
7729,-0.98339844,-0.15185547,-0.12402344,
7743,-0.9926758,-0.15917969,-0.1274414,
7755,-1.0004883,-0.15429688,-0.13330078,
7763,-1.0,-0.11767578,-0.1171875,
7774,-0.99365234,-0.114746094,-0.10253906,
7797,-0.9902344,-0.16357422,-0.087890625,
7800,-0.9941406,-0.18066406,-0.061035156,
7803,-0.9941406,-0.1640625,-0.033203125,
7809,-0.98291016,-0.1484375,-0.0043945312,
7819,-0.97314453,-0.13769531,0.017578125,
7831,-0.96972656,-0.11816406,0.026855469,
7855,-0.96777344,-0.08886719,0.023925781,
7856,-0.9814453,-0.09277344,0.0073242188,
7866,-0.9711914,-0.08984375,-0.026367188,
7875,-0.9814453,-0.083496094,-0.056152344,
7888,-0.9824219,-0.06982422,-0.092285156,
7909,-0.9765625,-0.043945312,-0.10498047,
7910,-0.9916992,-0.06982422,-0.09423828,
7912,-0.99365234,-0.12060547,-0.08544922,
7933,-0.98046875,-0.15429688,-0.05419922,
7943,-0.9814453,-0.1538086,-0.040039062,
7955,-0.97802734,-0.13720703,-0.030761719,
7965,-0.97753906,-0.12011719,-0.019042969,
7967,-0.98339844,-0.109375,-0.0029296875,
7977,-0.98095703,-0.10107422,0.0073242188,
7989,-0.97753906,-0.1015625,0.0126953125,
8000,-0.9863281,-0.10986328,0.017578125,
8010,-0.9848633,-0.099609375,0.020996094,
8033,-0.97802734,-0.107910156,0.020507812,
8034,-0.9770508,-0.11669922,0.013183594,
8062,-0.97998047,-0.08886719,-0.03125,
8068,-0.9794922,-0.09033203,-0.0390625,
8079,-0.9765625,-0.08886719,-0.04638672,
8101,-0.98046875,-0.09033203,-0.047851562,
8103,-0.98291016,-0.09082031,-0.048828125,
8112,-0.9863281,-0.09667969,-0.04736328,
8125,-0.9868164,-0.11425781,-0.04638672,
8126,-0.99072266,-0.13964844,-0.037597656,
8134,-0.9863281,-0.13769531,-0.04248047,
8152,-0.984375,-0.11669922,-0.036621094,
8163,-0.98095703,-0.10449219,-0.036621094,
8168,-0.98046875,-0.087890625,-0.028808594,
8179,-0.9946289,-0.09863281,-0.008300781,
8190,-0.99072266,-0.13330078,-0.0053710938,
8226,-0.98828125,-0.14013672,-0.0087890625,
8230,-0.98535156,-0.12207031,-0.0087890625,
8231,-0.9892578,-0.10888672,0.0,
8240,-0.98779297,-0.119628906,0.0043945312,
8242,-0.98828125,-0.13427734,0.013671875,
8250,-0.98339844,-0.12109375,0.017089844,
8261,-0.97753906,-0.079589844,0.015625,
8271,-0.97753906,-0.044921875,0.019042969,
8283,-0.9838867,-0.043945312,0.0107421875,
8295,-0.9819336,-0.03564453,-0.0029296875,
8298,-0.98583984,-0.023925781,-0.0126953125,
8305,-0.9824219,-0.022949219,-0.016601562,
8316,-0.98291016,-0.03955078,-0.024414062,
8328,-0.9741211,-0.025390625,-0.037109375,
8339,-0.97314453,-0.016113281,-0.047851562,
8350,-0.98046875,-0.03173828,-0.05078125,
8361,-0.98291016,-0.05126953,-0.053710938,
8373,-0.9868164,-0.07763672,-0.05517578,
8375,-0.98095703,-0.08203125,-0.060546875,
8383,-0.9848633,-0.080078125,-0.06591797,
8395,-0.98095703,-0.07324219,-0.076660156,
8406,-0.9760742,-0.05517578,-0.08935547,
8418,-0.9814453,-0.04638672,-0.091308594,
8429,-0.97998047,-0.040527344,-0.09472656,
8441,-0.9785156,-0.036132812,-0.095703125,
8452,-0.98095703,-0.04345703,-0.09472656,
8455,-0.9785156,-0.041992188,-0.092285156,
8462,-0.97802734,-0.029296875,-0.08544922,
8474,-0.9785156,-0.019042969,-0.078125,
8486,-0.9790039,-0.01953125,-0.07421875,
8496,-0.984375,-0.017578125,-0.064941406,
8520,-0.98291016,-0.022949219,-0.061523438,
8523,-0.9824219,-0.0234375,-0.063964844,
8525,-0.98291016,-0.022460938,-0.06591797,
8542,-0.9794922,-0.015625,-0.07470703,
8546,-0.98095703,-0.0107421875,-0.080078125,
8572,-0.97753906,-0.008300781,-0.08203125,
8573,-0.97998047,-0.009765625,-0.08300781,
8581,-0.98583984,-0.016113281,-0.080078125,
8587,-0.98046875,-0.026855469,-0.08251953,
8596,-0.9741211,-0.024902344,-0.087402344,
8607,-0.97265625,-0.014160156,-0.09033203,
8609,-0.96875,-0.0024414062,-0.087890625,
8619,-0.97753906,0.0053710938,-0.08496094,
8630,-0.984375,9.765625E-4,-0.08496094,
8641,-0.97998047,-9.765625E-4,-0.080566406,
8652,-0.98046875,-0.0063476562,-0.07373047,
8663,-0.98583984,-0.013671875,-0.072265625,
8674,-0.98046875,-0.015625,-0.072265625,
8687,-0.9741211,-0.011230469,-0.072265625,
8691,-0.97802734,-0.009765625,-0.071777344,
8700,-0.984375,-0.0078125,-0.06640625,
8711,-0.97802734,-0.011230469,-0.061035156,
8722,-0.9785156,-0.017089844,-0.053222656,
8733,-0.9765625,-0.016113281,-0.045898438,
8746,-0.9770508,-0.020507812,-0.0546875,
8756,-0.9838867,-0.019042969,-0.072265625,
8767,-0.98339844,-0.01171875,-0.088378906,
8779,-0.98291016,-0.01171875,-0.10888672,
8783,-0.9785156,-0.015625,-0.13769531,
8790,-0.9760742,-0.019042969,-0.1616211,
8801,-0.9736328,-0.015136719,-0.17919922,
8812,-0.9790039,-0.021484375,-0.20458984,
8822,-0.9902344,-0.016113281,-0.22167969,
8837,-0.9970703,-0.005859375,-0.2290039,
8845,-0.98535156,-0.0053710938,-0.23632812,
8857,-0.9790039,-0.009277344,-0.24267578,
8862,-0.9824219,-0.012207031,-0.2446289,
8869,-0.98339844,0.0,-0.2421875,
8881,-0.98339844,-0.009277344,-0.2290039,
8891,-0.97753906,-0.0078125,-0.2241211,
8902,-0.97558594,0.0078125,-0.21142578,
8913,-0.9741211,0.0107421875,-0.20458984,
8925,-0.97265625,0.022949219,-0.1977539,
8936,-0.97802734,0.028320312,-0.17919922,
8948,-0.97216797,0.015136719,-0.16259766,
8951,-0.96435547,0.008300781,-0.14501953,
8958,-0.96191406,-0.0048828125,-0.1328125,
8970,-0.9663086,-0.017578125,-0.12646484,
8985,-0.97021484,-4.8828125E-4,-0.12011719,
8991,-0.9707031,0.017578125,-0.11767578,
9001,-0.9711914,0.017089844,-0.12207031,
9013,-0.9770508,0.011230469,-0.13134766,
9014,-0.9819336,0.0068359375,-0.15332031,
9036,-0.9838867,0.0034179688,-0.16455078,
9039,-0.98046875,-0.0043945312,-0.171875,
9049,-0.9760742,-0.0126953125,-0.18310547,
9074,-0.97558594,-0.016601562,-0.19189453,
9080,-0.97216797,-0.0234375,-0.20263672,
9082,-0.9746094,-0.029296875,-0.21289062,
9091,-0.9741211,-0.024414062,-0.22216797,
9092,-0.9736328,-0.015625,-0.22705078,
9106,-0.9765625,-0.016601562,-0.22753906,
9114,-0.97753906,-0.0234375,-0.22753906,
9136,-0.98046875,-0.020507812,-0.21044922,
9138,-0.97998047,-0.01953125,-0.19482422,
9147,-0.9794922,-0.018066406,-0.18798828,
9159,-0.97998047,-0.0107421875,-0.18066406,
9171,-0.9770508,-0.0043945312,-0.1772461,
9182,-0.97509766,-0.0048828125,-0.16894531,
9184,-0.9711914,-0.0034179688,-0.15722656,
9193,-0.9667969,-0.0034179688,-0.14892578,
9204,-0.9707031,-0.0034179688,-0.13769531,
9217,-0.9765625,-0.009277344,-0.12597656,
9228,-0.97314453,-0.01953125,-0.12890625,
9240,-0.97265625,-0.01171875,-0.13183594,
9254,-0.9824219,-0.01171875,-0.13378906,
9256,-0.9785156,-0.022949219,-0.14892578,
9262,-0.97265625,-0.017578125,-0.1586914,
9273,-0.97509766,-0.01171875,-0.17041016,
9284,-0.9682617,-0.0078125,-0.1796875,
9296,-0.9663086,-0.009765625,-0.18017578,
9307,-0.9663086,-0.018066406,-0.17822266,
9320,-0.9736328,-0.028320312,-0.17822266,
9330,-0.98046875,-0.034179688,-0.17822266,
9343,-0.98828125,-0.037597656,-0.1899414,
9345,-0.984375,-0.03564453,-0.2084961,
9353,-0.9736328,-0.020507812,-0.22021484,
9364,-0.9614258,-0.009765625,-0.23535156,
9374,-0.9707031,-0.013183594,-0.2421875,
9385,-0.97509766,-0.025878906,-0.24951172,
9397,-0.9692383,-0.037109375,-0.2553711,
9408,-0.96191406,-0.03125,-0.25732422,
9421,-0.95947266,-0.016601562,-0.25439453,
9422,-0.9628906,-0.019042969,-0.24853516,
9431,-0.9614258,-0.020019531,-0.24804688,
9442,-0.95751953,-0.022949219,-0.24023438,
9453,-0.9663086,-0.023925781,-0.23291016,
9464,-0.9760742,-0.01953125,-0.22363281,
9478,-0.9692383,-0.018554688,-0.21484375,
9487,-0.9633789,-0.018066406,-0.19824219,
9498,-0.9638672,-0.021972656,-0.19042969,
9500,-0.97265625,-0.029785156,-0.1850586,
9509,-0.97753906,-0.03466797,-0.19335938,
9522,-0.9746094,-0.026855469,-0.20410156,
9532,-0.9746094,-0.024902344,-0.2163086,
9573,-0.97021484,-0.028808594,-0.22607422,
9574,-0.96728516,-0.04296875,-0.23779297,
9575,-0.9658203,-0.0390625,-0.23779297,
9587,-0.96728516,-0.03173828,-0.23779297,
9590,-0.9633789,-0.028808594,-0.23339844,
9597,-0.9633789,-0.025390625,-0.23388672,
9609,-0.9614258,-0.029296875,-0.23486328,
9620,-0.9628906,-0.033203125,-0.24072266,
9631,-0.96972656,-0.037597656,-0.24609375,
9642,-0.96533203,-0.036621094,-0.25341797,
9654,-0.9580078,-0.038085938,-0.2548828,
9656,-0.9604492,-0.0390625,-0.2602539,
9665,-0.9633789,-0.0390625,-0.25683594,
9676,-0.9692383,-0.037597656,-0.25683594,
9688,-0.97509766,-0.032714844,-0.26611328,
9711,-0.97314453,-0.03173828,-0.2680664,
9713,-0.9638672,-0.023925781,-0.26904297,
9734,-0.9584961,-0.020019531,-0.26708984,
9744,-0.95410156,-0.0234375,-0.26171875,
9749,-0.9550781,-0.029785156,-0.2548828,
9752,-0.9589844,-0.041992188,-0.25830078,
9758,-0.97021484,-0.041015625,-0.26416016,
9766,-0.97753906,-0.033691406,-0.26513672,
9778,-0.9736328,-0.02734375,-0.26708984,
9789,-0.97216797,-0.026367188,-0.2685547,
9800,-0.96777344,-0.028808594,-0.26953125,
9811,-0.97021484,-0.034179688,-0.27197266,
9822,-0.9790039,-0.041503906,-0.26953125,
9823,-0.97802734,-0.05126953,-0.27978516,
9833,-0.9711914,-0.041992188,-0.28515625,
9844,-0.9707031,-0.045410156,-0.28173828,
9856,-0.9692383,-0.049804688,-0.2861328,
9867,-0.96484375,-0.044433594,-0.29052734,
9879,-0.96484375,-0.03564453,-0.29101562,
9892,-0.9707031,-0.030273438,-0.29052734,
9904,-0.97314453,-0.037597656,-0.2915039,
9906,-0.9711914,-0.040527344,-0.29003906,
9914,-0.9555664,-0.033691406,-0.28857422,
9925,-0.95166016,-0.026855469,-0.2788086,
9936,-0.9633789,-0.03125,-0.27685547,
9947,-0.9682617,-0.03466797,-0.2758789,
9970,-0.96533203,-0.033691406,-0.26220703,
9972,-0.9633789,-0.038085938,-0.2475586,
9981,-0.96533203,-0.044433594,-0.2319336,
9983,-0.9633789,-0.044921875,-0.22167969,
9993,-0.9584961,-0.036621094,-0.21826172,
10004,-0.9482422,-0.01953125,-0.2084961,
10015,-0.93847656,-0.021484375,-0.19677734,
10028,-0.9316406,-0.034179688,-0.18457031,
10038,-0.93310547,-0.053710938,-0.17773438,
10049,-0.93847656,-0.064453125,-0.1694336,
10083,-0.9453125,-0.0625,-0.16748047,
10084,-0.97265625,-0.063964844,-0.19042969,
10086,-0.97753906,-0.053222656,-0.20507812,
10094,-0.984375,-0.048339844,-0.21533203,
10104,-0.98876953,-0.060546875,-0.22705078,
10115,-0.9902344,-0.07470703,-0.24707031,
10126,-0.99072266,-0.064453125,-0.2734375,
10138,-0.97998047,-0.04248047,-0.296875,
10149,-0.96533203,-0.03857422,-0.31982422,
10150,-0.95947266,-0.040039062,-0.33691406,
10161,-0.9555664,-0.052734375,-0.35009766,
10183,-0.95166016,-0.063964844,-0.35839844,
10184,-0.9555664,-0.063964844,-0.35791016,
10193,-0.95214844,-0.05126953,-0.35205078,
10206,-0.9580078,-0.046875,-0.33447266,
10218,-0.9511719,-0.046875,-0.32226562,
10229,-0.953125,-0.044921875,-0.30078125,
10231,-0.9614258,-0.0390625,-0.28271484,
10252,-0.9628906,-0.05029297,-0.26416016,
10263,-0.9614258,-0.048828125,-0.24804688,
10274,-0.96533203,-0.05419922,-0.23583984,
10278,-0.96533203,-0.053710938,-0.22607422,
10286,-0.96435547,-0.048339844,-0.22314453,
10297,-0.9716797,-0.041992188,-0.21826172,
10308,-0.97265625,-0.043945312,-0.21289062,
10311,-0.9692383,-0.045898438,-0.2163086,
10319,-0.96240234,-0.036621094,-0.21142578,
10331,-0.96728516,-0.0390625,-0.20751953,
10344,-0.96533203,-0.046875,-0.20654297,
10353,-0.9628906,-0.046875,-0.21142578,
10364,-0.9614258,-0.04638672,-0.22021484,
10376,-0.9604492,-0.05078125,-0.22607422,
10390,-0.96972656,-0.057617188,-0.22998047,
10391,-0.96240234,-0.067871094,-0.23876953,
10402,-0.9584961,-0.05517578,-0.23583984,
10409,-0.9682617,-0.051757812,-0.2319336,
10419,-0.97802734,-0.053222656,-0.2397461,
10430,-0.9770508,-0.05078125,-0.24267578,
10441,-0.9716797,-0.040039062,-0.24560547,
10452,-0.9638672,-0.045898438,-0.25,
10464,-0.9604492,-0.055664062,-0.25439453,
10476,-0.96875,-0.05517578,-0.24951172,
10484,-0.9667969,-0.047851562,-0.24121094,
10491,-0.96728516,-0.04296875,-0.234375,
10497,-0.9667969,-0.045410156,-0.22802734,
10509,-0.96728516,-0.043945312,-0.22558594,
10520,-0.96777344,-0.044921875,-0.21875,
10531,-0.9658203,-0.041015625,-0.21728516,
10542,-0.9628906,-0.043945312,-0.21240234,
10556,-0.9667969,-0.048828125,-0.2055664,
10564,-0.9638672,-0.048339844,-0.19677734,
10594,-0.97216797,-0.048828125,-0.18554688,
10599,-0.97509766,-0.05126953,-0.19042969,
10611,-0.97216797,-0.04638672,-0.19824219,
10621,-0.97558594,-0.04296875,-0.20800781,
10632,-0.97509766,-0.036132812,-0.20898438,
10633,-0.9711914,-0.03564453,-0.21679688,
10643,-0.97753906,-0.041015625,-0.21533203,
10654,-0.9765625,-0.052246094,-0.21875,
10666,-0.9707031,-0.052246094,-0.22265625,
10678,-0.9716797,-0.044433594,-0.21972656,
10690,-0.9711914,-0.045410156,-0.22021484,
10702,-0.9741211,-0.052734375,-0.23339844,
10713,-0.97558594,-0.048828125,-0.234375,
10715,-0.9692383,-0.04638672,-0.22949219,
10723,-0.9682617,-0.04296875,-0.22607422,
10735,-0.97265625,-0.044921875,-0.21923828,
10746,-0.9711914,-0.049316406,-0.21875,
10758,-0.97509766,-0.05126953,-0.21728516,
10769,-0.98095703,-0.052734375,-0.21533203,
10780,-0.97558594,-0.049316406,-0.21679688,
10792,-0.97314453,-0.04296875,-0.21582031,
10794,-0.97753906,-0.041015625,-0.21289062,
10802,-0.97509766,-0.040039062,-0.21582031,
10813,-0.9760742,-0.044921875,-0.2163086,
10824,-0.9760742,-0.047851562,-0.21777344,
10835,-0.97314453,-0.044921875,-0.21777344,
10847,-0.96972656,-0.04345703,-0.21191406,
10869,-0.9663086,-0.043945312,-0.21191406,
10871,-0.9692383,-0.044921875,-0.20214844,
10876,-0.9692383,-0.051757812,-0.1977539,
10893,-0.9692383,-0.048339844,-0.1953125,
10894,-0.97558594,-0.045410156,-0.19433594,
10903,-0.97753906,-0.044433594,-0.19238281,
10915,-0.97265625,-0.041503906,-0.18847656,
10931,-0.9658203,-0.036621094,-0.18603516,
10938,-0.9692383,-0.037109375,-0.18408203,
10949,-0.97216797,-0.041015625,-0.18603516,
10960,-0.9736328,-0.038085938,-0.18603516,
10965,-0.9716797,-0.03466797,-0.18115234,
10971,-0.9736328,-0.037109375,-0.18261719,
10994,-0.9692383,-0.037109375,-0.18652344,
10998,-0.97265625,-0.033203125,-0.1875,
11017,-0.97509766,-0.03564453,-0.18798828,
11026,-0.9736328,-0.041992188,-0.19482422,
11029,-0.97216797,-0.04345703,-0.19433594,
11039,-0.97558594,-0.038085938,-0.19335938,
11042,-0.9765625,-0.037597656,-0.19628906,
11050,-0.9770508,-0.045410156,-0.19824219,
11062,-0.97753906,-0.046875,-0.19482422,
11084,-0.9760742,-0.041503906,-0.19726562,
11085,-0.97509766,-0.03955078,-0.20898438,
11102,-0.9819336,-0.040039062,-0.21728516,
11111,-0.9794922,-0.041015625,-0.21923828,
11121,-0.97509766,-0.041992188,-0.22705078,
11122,-0.9736328,-0.043945312,-0.22558594,
11128,-0.97265625,-0.03955078,-0.2241211,
11139,-0.97021484,-0.045898438,-0.21533203,
11151,-0.97265625,-0.04296875,-0.20703125,
11161,-0.97802734,-0.038085938,-0.20654297,
11174,-0.9765625,-0.03564453,-0.20019531,
11196,-0.97558594,-0.03515625,-0.19677734,
11199,-0.9736328,-0.033691406,-0.19628906,
11202,-0.97314453,-0.036132812,-0.19726562,
11209,-0.97265625,-0.040039062,-0.19238281,
11221,-0.97558594,-0.043945312,-0.19042969,
11231,-0.9736328,-0.04248047,-0.18408203,
11242,-0.97216797,-0.040039062,-0.18359375,
11253,-0.9765625,-0.041015625,-0.18408203,
11264,-0.98046875,-0.04296875,-0.17919922,
11276,-0.97753906,-0.037597656,-0.1821289,
11279,-0.9707031,-0.033203125,-0.18261719,
11287,-0.9736328,-0.032226562,-0.17871094,
11299,-0.97509766,-0.036621094,-0.18115234,
11321,-0.9770508,-0.03857422,-0.17578125,
11325,-0.97558594,-0.0390625,-0.17529297,
11332,-0.9765625,-0.038085938,-0.17138672,
11343,-0.9770508,-0.040527344,-0.17138672,
11354,-0.97802734,-0.037597656,-0.171875,
11366,-0.97509766,-0.038085938,-0.17480469,
11369,-0.9682617,-0.03466797,-0.16748047,
11377,-0.9746094,-0.034179688,-0.16699219,
11388,-0.98339844,-0.036132812,-0.16699219,
11399,-0.98339844,-0.03857422,-0.16503906,
11411,-0.97265625,-0.03466797,-0.16210938,
11434,-0.9682617,-0.03564453,-0.16552734,
11436,-0.97021484,-0.037597656,-0.16699219,
11439,-0.97753906,-0.034179688,-0.16455078,
11447,-0.9770508,-0.03173828,-0.16259766,
11455,-0.9765625,-0.034179688,-0.15917969,
11467,-0.97509766,-0.03515625,-0.15625,
11480,-0.97998047,-0.03173828,-0.15576172,
11489,-0.98095703,-0.03466797,-0.15576172,
11502,-0.9770508,-0.034179688,-0.16113281,
11512,-0.9760742,-0.03515625,-0.15722656,
11522,-0.9741211,-0.037597656,-0.15576172,
11526,-0.97509766,-0.036132812,-0.15429688,
11534,-0.97509766,-0.036621094,-0.15234375,
11545,-0.9785156,-0.032714844,-0.15039062,
11561,-0.98046875,-0.034179688,-0.14697266,
11570,-0.9790039,-0.033203125,-0.1508789,
11588,-0.9736328,-0.030761719,-0.1508789,
11590,-0.9736328,-0.03564453,-0.15185547,
11616,-0.97998047,-0.03466797,-0.15820312,
11624,-0.9785156,-0.037597656,-0.15625,
11634,-0.9770508,-0.037597656,-0.15478516,
11645,-0.9794922,-0.03857422,-0.15332031,
11668,-0.9765625,-0.040039062,-0.15234375,
11670,-0.9765625,-0.041015625,-0.15283203,
11672,-0.9765625,-0.038085938,-0.15332031,
11691,-0.98095703,-0.033691406,-0.15429688,
11694,-0.9790039,-0.028808594,-0.1538086,
11702,-0.97753906,-0.027832031,-0.1508789,
11713,-0.9746094,-0.028808594,-0.14892578,
11724,-0.9790039,-0.03173828,-0.14746094,
11736,-0.97802734,-0.034179688,-0.14697266,
11747,-0.9765625,-0.03173828,-0.14208984,
11759,-0.97558594,-0.030761719,-0.14453125,
11772,-0.9785156,-0.03173828,-0.14501953,
11773,-0.9790039,-0.029785156,-0.1459961,
11781,-0.98095703,-0.033691406,-0.14501953,
11803,-0.9814453,-0.029785156,-0.14648438,
11804,-0.9790039,-0.025878906,-0.14941406,
11813,-0.97265625,-0.030273438,-0.15136719,
11825,-0.9746094,-0.03515625,-0.14892578,
11855,-0.9790039,-0.03466797,-0.14941406,
11856,-0.9760742,-0.028320312,-0.14794922,
11864,-0.9824219,-0.03466797,-0.15576172,
11870,-0.9873047,-0.03564453,-0.16259766,
11881,-0.97802734,-0.026855469,-0.16015625,
11893,-0.97216797,-0.023925781,-0.16357422,
11904,-0.97509766,-0.027832031,-0.16748047,
11916,-0.97753906,-0.032226562,-0.16503906,
11930,-0.9794922,-0.030761719,-0.16748047,
11932,-0.9814453,-0.025390625,-0.171875,
11941,-0.98339844,-0.028808594,-0.17529297,
11950,-0.9790039,-0.03466797,-0.17480469,
11962,-0.9790039,-0.029785156,-0.17236328,
11972,-0.97998047,-0.028808594,-0.16699219,
11984,-0.97802734,-0.029296875,-0.17333984,
11996,-0.9770508,-0.030273438,-0.17041016,
12008,-0.9746094,-0.025390625,-0.1665039,
12019,-0.9736328,-0.028320312,-0.16357422,
12022,-0.97998047,-0.026855469,-0.16601562,
12028,-0.98095703,-0.021972656,-0.16259766,
12040,-0.9814453,-0.024414062,-0.16796875,
12053,-0.97998047,-0.020507812,-0.16845703,
12063,-0.97753906,-0.019042969,-0.16503906,
12076,-0.9741211,-0.018554688,-0.16503906,
12090,-0.97509766,-0.022949219,-0.1640625,
12091,-0.9741211,-0.022460938,-0.16015625,
12099,-0.97998047,-0.028320312,-0.15771484,
12111,-0.98046875,-0.02734375,-0.15673828,
12118,-0.98095703,-0.024414062,-0.15478516,
12142,-0.98095703,-0.0146484375,-0.15771484,
12144,-0.97558594,-0.009277344,-0.15820312,
12151,-0.9794922,-0.017578125,-0.16552734,
12162,-0.97753906,-0.022460938,-0.16259766,
12174,-0.9765625,-0.016113281,-0.16113281,
12175,-0.97753906,-0.0087890625,-0.16455078,
12185,-0.97753906,-0.0107421875,-0.16845703,
12196,-0.9785156,-0.009277344,-0.171875,
12209,-0.9794922,-0.01171875,-0.17529297,
12220,-0.9814453,-0.0126953125,-0.17382812,
12231,-0.98291016,-0.016113281,-0.17236328,
12242,-0.9819336,-0.017578125,-0.17138672,
12265,-0.9770508,-0.015136719,-0.1665039,
12267,-0.9711914,-0.0048828125,-0.15722656,
12272,-0.97509766,-0.0078125,-0.15234375,
12280,-0.97509766,-0.005859375,-0.14697266,
12288,-0.96972656,-0.01171875,-0.1459961,
12300,-0.9707031,-0.014160156,-0.1430664,
12311,-0.97558594,-0.016113281,-0.13867188,
12322,-0.9819336,-0.0146484375,-0.13867188,
12333,-0.9741211,-0.0087890625,-0.14257812,
12336,-0.9716797,-0.00390625,-0.1430664,
12344,-0.984375,-0.010253906,-0.14794922,
12356,-0.9819336,-0.0126953125,-0.15527344,
12369,-0.9785156,-0.0107421875,-0.15722656,
12379,-0.97021484,-0.0063476562,-0.15625,
12390,-0.9711914,-0.011230469,-0.15429688,
12401,-0.97558594,-0.0087890625,-0.15478516,
12412,-0.9794922,-0.009765625,-0.15722656,
12416,-0.9790039,-0.0068359375,-0.15576172,
12424,-0.97802734,0.0014648438,-0.15576172,
12435,-0.9716797,0.0029296875,-0.15673828,
12445,-0.9658203,0.0029296875,-0.15478516,
12469,-0.96777344,4.8828125E-4,-0.15136719,
12472,-0.96875,-4.8828125E-4,-0.14550781,
12479,-0.97216797,9.765625E-4,-0.14892578,
12491,-0.9741211,-0.001953125,-0.14941406,
12496,-0.9741211,0.0014648438,-0.14550781,
12512,-0.97265625,0.0014648438,-0.1484375,
12514,-0.97558594,-4.8828125E-4,-0.15576172,
12523,-0.97558594,0.0024414062,-0.15722656,
12534,-0.9765625,0.0053710938,-0.16308594,
12546,-0.97216797,0.005859375,-0.17285156,
12600,-0.9711914,0.0063476562,-0.17675781,
12601,-0.97314453,0.0078125,-0.18457031,
12602,-0.9746094,0.0034179688,-0.19189453,
12604,-0.9692383,-0.0014648438,-0.19433594,
12608,-0.97314453,-0.0073242188,-0.20800781,
12614,-0.9741211,-0.009765625,-0.2163086,
12628,-0.97558594,-0.0048828125,-0.22070312,
12630,-0.97558594,0.0034179688,-0.22265625,
12634,-0.9770508,0.0029296875,-0.22363281,
12646,-0.9794922,9.765625E-4,-0.22460938,
12657,-0.9814453,0.0048828125,-0.22998047,
12659,-0.9790039,0.005859375,-0.22998047,
12669,-0.9707031,0.00390625,-0.23046875,
12680,-0.96728516,0.0068359375,-0.22558594,
12693,-0.9663086,0.0063476562,-0.22216797,
12705,-0.9711914,0.0024414062,-0.2133789,
12726,-0.97021484,0.0024414062,-0.2055664,
12728,-0.96875,0.0048828125,-0.19921875,
12730,-0.97021484,0.0014648438,-0.19189453,
12748,-0.96533203,0.0043945312,-0.19091797,
12750,-0.9667969,0.0024414062,-0.18847656,
12762,-0.96728516,-9.765625E-4,-0.18701172,
12771,-0.96972656,-0.00390625,-0.18798828,
12783,-0.9741211,-0.005859375,-0.18847656,
12794,-0.97509766,4.8828125E-4,-0.19580078,
12804,-0.97265625,0.0053710938,-0.20703125,
12815,-0.97265625,0.0126953125,-0.21435547,
12817,-0.97509766,0.013183594,-0.21435547,
12826,-0.9707031,0.016113281,-0.2133789,
12838,-0.9838867,0.016601562,-0.2133789,
12849,-0.9814453,4.8828125E-4,-0.22314453,
12861,-0.9609375,-0.0014648438,-0.22949219,
12872,-0.9604492,0.009765625,-0.23242188,
12883,-0.9614258,0.015625,-0.2421875,
12896,-0.9658203,0.016113281,-0.2529297,
12899,-0.97021484,0.015136719,-0.25390625,
12907,-0.9707031,0.013183594,-0.2548828,
12918,-0.9633789,0.013183594,-0.25390625,
12941,-0.9609375,0.009277344,-0.25,
12944,-0.9628906,0.0063476562,-0.2421875,
12964,-0.96728516,0.0043945312,-0.24023438,
12966,-0.96777344,0.00390625,-0.23876953,
12969,-0.9682617,0.009765625,-0.23876953,
12986,-0.9692383,0.016601562,-0.24658203,
12988,-0.9633789,0.024902344,-0.2475586,
12996,-0.96728516,0.025390625,-0.24707031,
13010,-0.96484375,0.020019531,-0.24707031,
13020,-0.9638672,0.021972656,-0.24316406,
13043,-0.9667969,0.020996094,-0.23779297,
13048,-0.96875,0.013183594,-0.2397461,
13064,-0.9692383,0.016601562,-0.24609375,
13067,-0.96777344,0.020996094,-0.25439453,
13069,-0.9682617,0.022949219,-0.26123047,
13076,-0.9633789,0.025878906,-0.25732422,
13099,-0.9682617,0.015136719,-0.2475586,
13110,-0.96875,0.0107421875,-0.2446289,
13119,-0.97265625,0.0126953125,-0.24853516,
13131,-0.96777344,0.018554688,-0.24804688,
13142,-0.9692383,0.020507812,-0.24609375,
13144,-0.9682617,0.019042969,-0.24316406,
13152,-0.97021484,0.014160156,-0.24316406,
13164,-0.9663086,0.013671875,-0.24169922,
13175,-0.96875,0.015625,-0.24023438,
13187,-0.9765625,0.022460938,-0.24511719,
13198,-0.98046875,0.030273438,-0.24804688,
13211,-0.9814453,0.03125,-0.24902344,
13221,-0.97753906,0.03466797,-0.2578125,
13224,-0.97558594,0.040527344,-0.25927734,
13232,-0.97509766,0.037597656,-0.26611328,
13243,-0.9711914,0.03564453,-0.26953125,
13254,-0.96728516,0.03515625,-0.27148438,
13270,-0.9658203,0.03857422,-0.2680664,
13279,-0.96533203,0.037109375,-0.2607422,
13290,-0.9663086,0.032226562,-0.24707031,
13301,-0.96435547,0.02734375,-0.2368164,
13311,-0.95751953,0.022460938,-0.2265625,
13317,-0.9560547,0.025878906,-0.21484375,
13322,-0.9633789,0.022460938,-0.20361328,
13334,-0.96240234,0.017089844,-0.19335938,
13344,-0.9584961,0.0126953125,-0.18896484,
13354,-0.95410156,0.018554688,-0.18554688,
13366,-0.9584961,0.028808594,-0.18652344,
13378,-0.95703125,0.03955078,-0.18017578,
13379,-0.9584961,0.046875,-0.17480469,
13388,-0.9746094,0.045410156,-0.1821289,
13400,-0.9848633,0.043945312,-0.18896484,
13413,-0.9863281,0.05078125,-0.20166016,
13424,-0.97558594,0.06640625,-0.21142578,
13435,-0.9760742,0.072265625,-0.21533203,
13458,-0.9785156,0.076660156,-0.22070312,
13460,-0.98535156,0.07080078,-0.22851562,
13462,-0.9868164,0.052246094,-0.23046875,
13472,-1.0014648,0.03564453,-0.23632812,
13482,-1.0087891,0.033203125,-0.23486328,
13491,-0.9975586,0.036621094,-0.22558594,
13503,-0.9658203,0.048828125,-0.2163086,
13514,-0.9472656,0.064941406,-0.20751953,
13525,-0.9589844,0.0703125,-0.1928711,
13540,-0.95751953,0.059570312,-0.17285156,
13548,-0.9663086,0.038085938,-0.18701172,
13550,-0.953125,0.03515625,-0.20605469,
13574,-0.96240234,0.0146484375,-0.2109375,
13602,-0.9584961,0.0063476562,-0.22607422,
13604,-0.94628906,0.033691406,-0.23144531,
13614,-0.94433594,0.06298828,-0.22705078,
13625,-0.94384766,0.076171875,-0.21728516,
13636,-0.95410156,0.068847656,-0.21826172,
13638,-0.95947266,0.06591797,-0.21875,
13647,-0.95751953,0.068847656,-0.20947266,
13659,-0.9472656,0.07128906,-0.20996094,
13670,-0.9423828,0.06689453,-0.20800781,
13681,-0.9428711,0.06298828,-0.20654297,
13692,-0.9428711,0.0625,-0.20410156,
13716,-0.9350586,0.06201172,-0.19726562,
13719,-0.92822266,0.0625,-0.19580078,
13741,-0.9301758,0.06982422,-0.19335938,
13745,-0.9379883,0.079589844,-0.19628906,
13764,-0.9379883,0.08496094,-0.19238281,
13765,-0.94189453,0.064941406,-0.18359375,
13774,-0.9550781,0.044433594,-0.17675781,
13787,-0.9785156,0.021972656,-0.18310547,
13788,-0.99316406,0.0034179688,-0.1850586,
13794,-1.0004883,-0.0087890625,-0.18164062,
13818,-1.0053711,-0.0034179688,-0.18359375,
13827,-1.0019531,0.0126953125,-0.1850586,
13839,-0.9868164,0.024902344,-0.19091797,
13850,-0.98535156,0.03125,-0.19042969,
13872,-0.9873047,0.029296875,-0.19238281,
13873,-0.9794922,0.03173828,-0.19580078,
13874,-0.97021484,0.032714844,-0.19677734,
13895,-0.95654297,0.044921875,-0.19238281,
13897,-0.9550781,0.04736328,-0.18798828,
13906,-0.96484375,0.041503906,-0.18408203,
13929,-0.96728516,0.02734375,-0.18457031,
13931,-0.9692383,0.017089844,-0.18066406,
13951,-0.96972656,0.008300781,-0.17578125,
13953,-0.9716797,0.0063476562,-0.18115234,
13955,-0.9692383,0.010253906,-0.18457031,
13964,-0.9707031,0.014160156,-0.18603516,
13974,-0.97021484,0.020019531,-0.18945312,
13999,-0.97558594,0.021972656,-0.19042969,
14002,-0.9785156,0.020507812,-0.19091797,
14007,-0.9794922,0.01953125,-0.18847656,
14019,-0.9760742,0.018554688,-0.19042969,
14030,-0.97509766,0.0014648438,-0.1928711,
14031,-0.97753906,-0.013671875,-0.19726562,
14053,-0.97753906,-0.01171875,-0.20898438,
14054,-0.9711914,-0.001953125,-0.22509766,
14063,-0.97265625,-0.0034179688,-0.22949219,
14075,-0.9741211,-0.0068359375,-0.24121094,
14108,-0.97265625,-0.001953125,-0.25341797,
14114,-0.97265625,0.0014648438,-0.24853516,
14115,-0.9658203,0.0043945312,-0.2397461,
14116,-0.9682617,-0.001953125,-0.23339844,
14128,-0.9760742,-0.009277344,-0.21972656,
14136,-0.984375,-0.0107421875,-0.2133789,
14149,-0.97802734,-0.015136719,-0.20898438,
14154,-0.96972656,-0.010253906,-0.19873047,
14179,-0.9663086,-0.0063476562,-0.19042969,
14181,-0.9707031,-0.013183594,-0.18261719,
14182,-0.9711914,-0.019042969,-0.18164062,
14201,-0.96875,-0.026367188,-0.1772461,
14204,-0.9682617,-0.0234375,-0.17578125,
14211,-0.9692383,-0.018066406,-0.17333984,
14221,-0.97558594,-0.014160156,-0.17773438,
14233,-0.97802734,-0.01953125,-0.1821289,
14256,-0.9765625,-0.0234375,-0.19091797,
14258,-0.9819336,-0.034179688,-0.19921875,
14260,-0.97998047,-0.05126953,-0.20263672,
14281,-0.9741211,-0.052246094,-0.20361328,
14291,-0.9790039,-0.053222656,-0.20703125,
14293,-0.9897461,-0.051757812,-0.21728516,
14302,-0.9863281,-0.05419922,-0.22509766,
14312,-0.9736328,-0.04345703,-0.23046875,
14324,-0.9658203,-0.036132812,-0.23046875,
14335,-0.96972656,-0.034179688,-0.2290039,
14346,-0.9746094,-0.043945312,-0.2241211,
14358,-0.9736328,-0.048339844,-0.22460938,
14362,-0.97802734,-0.05078125,-0.22363281,
14369,-0.97021484,-0.045898438,-0.21972656,
14381,-0.9638672,-0.0390625,-0.21533203,
14392,-0.97021484,-0.030273438,-0.21289062,
14402,-0.97216797,-0.03564453,-0.20410156,
14414,-0.97021484,-0.04345703,-0.19482422,
14424,-0.9736328,-0.04296875,-0.18701172,
14437,-0.97314453,-0.041015625,-0.18408203,
14439,-0.97558594,-0.04248047,-0.17529297,
14447,-0.9765625,-0.044433594,-0.17333984,
14458,-0.97802734,-0.044433594,-0.17382812,
14470,-0.9711914,-0.040527344,-0.18115234,
14482,-0.96240234,-0.03564453,-0.1821289,
14492,-0.96777344,-0.03955078,-0.18017578,
14504,-0.9736328,-0.04736328,-0.18164062,
14527,-0.97509766,-0.056152344,-0.18310547,
14530,-0.97802734,-0.061035156,-0.18164062,
14533,-0.97509766,-0.060058594,-0.19042969,
14541,-0.9707031,-0.04736328,-0.2006836,
14549,-0.9692383,-0.04296875,-0.20214844,
14576,-0.96875,-0.049804688,-0.20507812,
14579,-0.97216797,-0.052734375,-0.20117188,
14584,-0.9736328,-0.056640625,-0.1953125,
14606,-0.97021484,-0.04638672,-0.18603516,
14607,-0.9707031,-0.041015625,-0.18164062,
14616,-0.9716797,-0.037109375,-0.17919922,
14627,-0.96777344,-0.030273438,-0.17626953,
14638,-0.96777344,-0.036621094,-0.17626953,
14649,-0.97802734,-0.04345703,-0.1796875,
14660,-0.97998047,-0.04736328,-0.18847656,
14671,-0.9790039,-0.053710938,-0.2006836,
14675,-0.97998047,-0.05126953,-0.20605469,
14683,-0.9814453,-0.05078125,-0.21728516,
14693,-0.97558594,-0.045898438,-0.22558594,
14704,-0.97216797,-0.046875,-0.23095703,
14716,-0.97216797,-0.048828125,-0.22949219,
14727,-0.96777344,-0.047851562,-0.22802734,
14738,-0.9707031,-0.051757812,-0.22607422,
14750,-0.9741211,-0.057617188,-0.22021484,
14762,-0.96972656,-0.056152344,-0.21923828,
14764,-0.9692383,-0.055664062,-0.2163086,
14775,-0.9794922,-0.0546875,-0.21972656,
14784,-0.9824219,-0.05419922,-0.22607422,
14797,-0.97802734,-0.04638672,-0.24072266,
14810,-0.9736328,-0.037597656,-0.25439453,
14817,-0.97314453,-0.04296875,-0.26660156,
14836,-0.9760742,-0.05029297,-0.27294922,
14849,-0.9824219,-0.057128906,-0.26953125,
14850,-0.9814453,-0.060058594,-0.2607422,
14851,-0.98291016,-0.07080078,-0.25097656,
14862,-0.9770508,-0.067871094,-0.24267578,
14885,-0.97558594,-0.05859375,-0.2319336,
14887,-0.9741211,-0.053710938,-0.22753906,
14896,-0.97558594,-0.051757812,-0.21240234,
14907,-0.97558594,-0.0546875,-0.19384766,
14919,-0.9770508,-0.060058594,-0.18115234,
14920,-0.9736328,-0.061035156,-0.16894531,
14941,-0.9741211,-0.056640625,-0.16357422,
14942,-0.97753906,-0.048339844,-0.16894531,
14952,-0.9785156,-0.043945312,-0.16796875,
14963,-0.9824219,-0.04736328,-0.16308594,
14975,-0.97558594,-0.048339844,-0.1616211,
14990,-0.96728516,-0.049316406,-0.15185547,
15002,-0.96435547,-0.056152344,-0.13476562,
15003,-0.97216797,-0.0625,-0.1352539,
15010,-0.9707031,-0.052734375,-0.13574219,
15021,-0.9682617,-0.041992188,-0.13183594,
15032,-0.9658203,-0.038085938,-0.13623047,
15044,-0.96875,-0.044433594,-0.13623047,
15054,-0.9760742,-0.053710938,-0.13671875,
15066,-0.98291016,-0.064453125,-0.14453125,
15081,-0.97216797,-0.060546875,-0.15820312,
15083,-0.96533203,-0.060058594,-0.16601562,
15089,-0.97216797,-0.056152344,-0.1743164,
15118,-0.9741211,-0.05859375,-0.17480469,
15119,-0.9785156,-0.056152344,-0.17089844,
15123,-0.98095703,-0.05126953,-0.17041016,
15133,-0.97558594,-0.045898438,-0.17089844,
15144,-0.97314453,-0.048339844,-0.16748047,
15158,-0.9707031,-0.048828125,-0.16552734,
15161,-0.9765625,-0.047851562,-0.16796875,
15179,-0.9765625,-0.043945312,-0.1640625,
15182,-0.9790039,-0.045410156,-0.16699219,
15189,-0.9794922,-0.045898438,-0.17822266,
15200,-0.97265625,-0.046875,-0.17871094,
15211,-0.9746094,-0.049804688,-0.17919922,
15223,-0.9741211,-0.052734375,-0.1694336,
15234,-0.98095703,-0.064453125,-0.16357422,
15248,-0.97265625,-0.06982422,-0.1640625,
15258,-0.9711914,-0.06689453,-0.15917969,
15270,-0.97753906,-0.059570312,-0.15136719,
15281,-0.9916992,-0.06201172,-0.1459961,
15292,-0.9868164,-0.046875,-0.15478516,
15304,-0.97509766,-0.04345703,-0.17089844,
15315,-0.9741211,-0.043945312,-0.171875,
15327,-0.9746094,-0.03857422,-0.16992188,
15330,-0.97314453,-0.03857422,-0.16796875,
15337,-0.9741211,-0.052246094,-0.15673828,
15348,-0.9814453,-0.06933594,-0.1484375,
15362,-0.9892578,-0.09423828,-0.140625,
15370,-0.98828125,-0.12109375,-0.13916016,
15382,-0.97753906,-0.11816406,-0.15234375,
15394,-0.9741211,-0.09033203,-0.15429688,
15405,-0.97509766,-0.06689453,-0.15283203,
15417,-0.97265625,-0.064453125,-0.1586914,
15420,-0.97216797,-0.06689453,-0.16748047,
15427,-0.98046875,-0.064941406,-0.17089844,
15438,-0.984375,-0.05908203,-0.17773438,
15448,-0.9790039,-0.0546875,-0.17626953,
15460,-0.97998047,-0.053222656,-0.17480469,
15471,-0.9814453,-0.057617188,-0.1694336,
15483,-0.9790039,-0.056152344,-0.16455078,
15496,-0.9794922,-0.056152344,-0.15771484,
15499,-0.97998047,-0.06347656,-0.14990234,
15505,-0.97558594,-0.0703125,-0.14404297,
15516,-0.97558594,-0.076171875,-0.14013672,
15528,-0.97998047,-0.076660156,-0.1352539,
15542,-0.97314453,-0.07714844,-0.1352539,
15551,-0.97021484,-0.078125,-0.13378906,
15570,-0.9760742,-0.07470703,-0.12988281,
15574,-0.9785156,-0.07128906,-0.1352539,
15579,-0.9790039,-0.068847656,-0.14013672,
15596,-0.98291016,-0.064453125,-0.14453125,
15612,-0.9838867,-0.06982422,-0.14746094,
15617,-0.9711914,-0.067871094,-0.15625,
15628,-0.96875,-0.064941406,-0.15136719,
15639,-0.9746094,-0.0625,-0.14501953,
15650,-0.9790039,-0.06689453,-0.1459961,
15652,-0.9794922,-0.067871094,-0.14355469,
15662,-0.9814453,-0.07080078,-0.14794922,
15674,-0.9785156,-0.07519531,-0.14990234,
15684,-0.97802734,-0.07910156,-0.1508789,
15695,-0.9819336,-0.08105469,-0.15283203,
15707,-0.98339844,-0.08105469,-0.14892578,
15720,-0.97998047,-0.076171875,-0.14453125,
15733,-0.9785156,-0.07763672,-0.140625,
15734,-0.9794922,-0.07763672,-0.13378906,
15744,-0.9770508,-0.07421875,-0.13476562,
15752,-0.98583984,-0.076660156,-0.13720703,
15764,-0.9848633,-0.07519531,-0.140625,
15780,-0.98095703,-0.078125,-0.14160156,
15803,-0.97802734,-0.08496094,-0.14013672,
15806,-0.97265625,-0.07763672,-0.14404297,
15809,-0.9790039,-0.07910156,-0.13916016,
15820,-0.984375,-0.078125,-0.13476562,
15831,-0.98339844,-0.07421875,-0.13427734,
15834,-0.98583984,-0.08105469,-0.13378906,
15841,-0.9838867,-0.078125,-0.13427734,
15852,-0.97509766,-0.07714844,-0.13330078,
15864,-0.9760742,-0.076660156,-0.12451172,
15875,-0.98535156,-0.07714844,-0.114746094,
15899,-0.9863281,-0.079589844,-0.11376953,
15912,-0.9716797,-0.078125,-0.11035156,
15914,-0.96777344,-0.076171875,-0.10058594,
15922,-0.97021484,-0.07324219,-0.096191406,
15924,-0.97509766,-0.07373047,-0.09423828,
15933,-0.98095703,-0.08154297,-0.09033203,
15944,-0.9794922,-0.08642578,-0.08886719,
15955,-0.9765625,-0.07861328,-0.09667969,
15967,-0.9707031,-0.07373047,-0.106933594,
15969,-0.9760742,-0.06738281,-0.115722656,
15989,-0.98046875,-0.06689453,-0.122558594,
16026,-0.98046875,-0.07128906,-0.13134766,
16027,-0.9814453,-0.07910156,-0.140625,
16035,-0.97753906,-0.08984375,-0.13964844,
16038,-0.9824219,-0.092285156,-0.14160156,
16042,-0.9814453,-0.091796875,-0.13916016,
16048,-0.9824219,-0.09326172,-0.13330078,
16053,-0.98095703,-0.09326172,-0.13476562,
16061,-0.9838867,-0.09082031,-0.1381836,
16067,-0.984375,-0.08496094,-0.14794922,
16078,-0.9824219,-0.08300781,-0.15527344,
16090,-0.98339844,-0.08544922,-0.15771484,
16119,-0.98535156,-0.092285156,-0.15039062,
16131,-0.9794922,-0.091308594,-0.1484375,
16136,-0.98291016,-0.08984375,-0.14208984,
16138,-0.9863281,-0.09423828,-0.13476562,
16145,-0.9868164,-0.09472656,-0.13183594,
16158,-0.98291016,-0.08691406,-0.12792969,
16168,-0.98291016,-0.08154297,-0.12695312,
16179,-0.9794922,-0.08154297,-0.12597656,
16190,-0.9785156,-0.084472656,-0.1171875,
16202,-0.98046875,-0.084472656,-0.111328125,
16213,-0.97802734,-0.087402344,-0.107421875,
16215,-0.9746094,-0.09375,-0.10498047,
16224,-0.97265625,-0.09375,-0.09814453,
16251,-0.97509766,-0.08984375,-0.09814453,
16253,-0.98339844,-0.09326172,-0.095214844,
16259,-0.9863281,-0.09277344,-0.09863281,
16271,-0.97998047,-0.08935547,-0.09863281,
16283,-0.97753906,-0.09082031,-0.09814453,
16293,-0.9760742,-0.091796875,-0.09326172,
16309,-0.9790039,-0.08642578,-0.10107422,
16310,-0.97802734,-0.07470703,-0.107421875,
16316,-0.9790039,-0.079589844,-0.10498047,
16328,-0.9838867,-0.104003906,-0.114746094,
16339,-0.98876953,-0.115722656,-0.1303711,
16350,-0.98046875,-0.096191406,-0.14648438,
16362,-0.9848633,-0.091308594,-0.14453125,
16372,-0.98876953,-0.10205078,-0.13085938,
16375,-0.98828125,-0.11669922,-0.12011719,
16382,-0.9892578,-0.13085938,-0.11279297,
16395,-0.97802734,-0.12158203,-0.107421875,
16406,-0.9746094,-0.10449219,-0.09716797,
16429,-0.97216797,-0.088378906,-0.08886719,
16431,-0.9746094,-0.084472656,-0.088378906,
16441,-0.9770508,-0.084472656,-0.080566406,
16454,-0.97753906,-0.09082031,-0.07519531,
16462,-0.97802734,-0.092285156,-0.08154297,
16472,-0.97998047,-0.09423828,-0.088378906,
16485,-0.9770508,-0.092285156,-0.09667969,
16495,-0.9819336,-0.091308594,-0.10498047,
16508,-0.98535156,-0.087402344,-0.115722656,
16518,-0.9897461,-0.092285156,-0.12207031,
16530,-0.984375,-0.091308594,-0.12890625,
16541,-0.9873047,-0.09472656,-0.123535156,
16543,-0.9863281,-0.09326172,-0.12207031,
16553,-0.9765625,-0.08886719,-0.12207031,
16565,-0.9814453,-0.091308594,-0.115722656,
16577,-0.98046875,-0.09277344,-0.10839844,
16584,-0.9794922,-0.08935547,-0.10107422,
16621,-0.9790039,-0.103027344,-0.09375,
16622,-0.98291016,-0.111816406,-0.09765625,
16631,-0.97802734,-0.10888672,-0.096191406,
16641,-0.97998047,-0.103027344,-0.09472656,
16663,-0.9790039,-0.09667969,-0.09277344,
16664,-0.9848633,-0.09472656,-0.09375,
16674,-0.97998047,-0.10107422,-0.092285156,
16685,-0.97802734,-0.107421875,-0.09375,
16697,-0.9770508,-0.10986328,-0.092285156,
16698,-0.9785156,-0.10058594,-0.08691406,
16708,-0.97802734,-0.091796875,-0.08154297,
16719,-0.98339844,-0.0859375,-0.08984375,
16730,-0.97753906,-0.080566406,-0.08984375,
16743,-0.9814453,-0.084472656,-0.100097656,
16755,-0.9819336,-0.08935547,-0.10253906,
16765,-0.984375,-0.09326172,-0.1015625,
16777,-0.9790039,-0.09277344,-0.10449219,
16780,-0.9736328,-0.088378906,-0.09814453,
16787,-0.9824219,-0.08935547,-0.09375,
16800,-0.98779297,-0.09277344,-0.091308594,
16823,-0.9848633,-0.09716797,-0.091308594,
16825,-0.9794922,-0.104003906,-0.091308594,
16846,-0.9824219,-0.104003906,-0.099121094,
16847,-0.9838867,-0.09472656,-0.10205078,
16850,-0.9814453,-0.09082031,-0.10839844,
16868,-0.97802734,-0.09082031,-0.107910156,
16870,-0.9794922,-0.09423828,-0.10546875,
16878,-0.9824219,-0.099121094,-0.099121094,
16890,-0.98046875,-0.09863281,-0.09667969,
16901,-0.98339844,-0.099609375,-0.09082031,
16912,-0.9819336,-0.095703125,-0.091308594,
16922,-0.98339844,-0.09082031,-0.09033203,
16934,-0.9838867,-0.095214844,-0.100097656,
16948,-0.9785156,-0.09667969,-0.09814453,
16950,-0.97753906,-0.09667969,-0.09863281,
16957,-0.984375,-0.09814453,-0.10107422,
16969,-0.98339844,-0.099609375,-0.09814453,
16980,-0.98095703,-0.09716797,-0.10058594,
16991,-0.9794922,-0.096191406,-0.10449219,
17003,-0.98095703,-0.09472656,-0.1015625,
17036,-0.98046875,-0.09765625,-0.103027344,
17041,-0.9794922,-0.099121094,-0.103027344,
17043,-0.98339844,-0.099609375,-0.09326172,
17052,-0.98046875,-0.1015625,-0.096191406,
17058,-0.98095703,-0.100097656,-0.09863281,
17082,-0.9794922,-0.096191406,-0.10839844,
17086,-0.98095703,-0.08984375,-0.110839844,
17092,-0.98046875,-0.087890625,-0.11767578,
17106,-0.98046875,-0.08935547,-0.119140625,
17126,-0.9819336,-0.09423828,-0.115722656,
17127,-0.9814453,-0.10058594,-0.099609375,
17138,-0.9819336,-0.09814453,-0.104003906,
17149,-0.9814453,-0.09423828,-0.107421875,
17158,-0.9765625,-0.09033203,-0.10595703,
17169,-0.9785156,-0.088378906,-0.107910156,
17181,-0.97558594,-0.08984375,-0.106933594,
17182,-0.9765625,-0.09472656,-0.09863281,
17191,-0.97998047,-0.09472656,-0.09716797,
17203,-0.9819336,-0.091308594,-0.096191406,
17214,-0.9770508,-0.08886719,-0.091796875,
17227,-0.97314453,-0.084472656,-0.09375,
17239,-0.97509766,-0.080078125,-0.09472656,
17261,-0.9814453,-0.08105469,-0.09863281,
17265,-0.9794922,-0.083984375,-0.09472656,
17266,-0.97802734,-0.08642578,-0.09375,
17273,-0.9741211,-0.08886719,-0.107910156,
17282,-0.97265625,-0.08496094,-0.119628906,
17294,-0.96875,-0.08300781,-0.12646484,
17305,-0.97753906,-0.08886719,-0.12695312,
17316,-0.9902344,-0.10058594,-0.11816406,
17328,-0.97509766,-0.09667969,-0.13085938,
17339,-0.9741211,-0.087402344,-0.13720703,
17341,-0.9794922,-0.08105469,-0.13232422,
17351,-0.9765625,-0.080566406,-0.13232422,
17361,-0.9765625,-0.083984375,-0.14013672,
17372,-0.97558594,-0.087402344,-0.14355469,
17384,-0.9692383,-0.08251953,-0.13964844,
17395,-0.9716797,-0.08105469,-0.12939453,
17406,-0.9765625,-0.07861328,-0.125,
17419,-0.98339844,-0.083984375,-0.12988281,
17445,-0.9902344,-0.08984375,-0.1586914,
17447,-0.9848633,-0.08154297,-0.18603516,
17450,-0.9824219,-0.07519531,-0.20947266,
17455,-0.9838867,-0.076660156,-0.23144531,
17464,-0.9794922,-0.07714844,-0.24365234,
17473,-0.9794922,-0.076171875,-0.24365234,
17484,-0.9770508,-0.080566406,-0.23486328,
17495,-0.9760742,-0.088378906,-0.21679688,
17506,-0.9819336,-0.095703125,-0.19921875,
17508,-0.9794922,-0.09277344,-0.18603516,
17518,-0.97314453,-0.0859375,-0.171875,
17529,-0.97314453,-0.083984375,-0.15625,
17542,-0.9760742,-0.079589844,-0.1538086,
17553,-0.9760742,-0.072265625,-0.16210938,
17568,-0.97265625,-0.06689453,-0.16748047,
17575,-0.9741211,-0.07080078,-0.16796875,
17596,-0.9765625,-0.06933594,-0.1772461,
17598,-0.9741211,-0.068847656,-0.1875,
17601,-0.9716797,-0.06738281,-0.19482422,
17626,-0.9716797,-0.0703125,-0.19628906,
17627,-0.9707031,-0.0703125,-0.19824219,
17644,-0.97753906,-0.07763672,-0.19042969,
17652,-0.97021484,-0.07421875,-0.18847656,
17675,-0.9707031,-0.07519531,-0.18408203,
17678,-0.97509766,-0.076660156,-0.1899414,
17682,-0.97314453,-0.07373047,-0.19189453,
17692,-0.9746094,-0.072265625,-0.20263672,
17698,-0.9770508,-0.07128906,-0.2109375,
17709,-0.9760742,-0.0703125,-0.21923828,
17720,-0.96972656,-0.061523438,-0.2241211,
17732,-0.96972656,-0.063964844,-0.21875,
17742,-0.97021484,-0.07128906,-0.21582031,
17744,-0.9794922,-0.07714844,-0.21191406,
17757,-0.9819336,-0.07910156,-0.21142578,
17767,-0.97216797,-0.07470703,-0.20214844,
17777,-0.97314453,-0.07128906,-0.20751953,
17789,-0.9741211,-0.060058594,-0.21435547,
17800,-0.9736328,-0.057128906,-0.21240234,
17810,-0.9785156,-0.06298828,-0.21972656,
17822,-0.97753906,-0.060546875,-0.2265625,
17833,-0.97265625,-0.061035156,-0.22558594,
17836,-0.97509766,-0.06738281,-0.22705078,
17856,-0.9760742,-0.06298828,-0.22607422,
17858,-0.9736328,-0.06542969,-0.21826172,
17866,-0.9746094,-0.06542969,-0.21142578,
17878,-0.9692383,-0.064453125,-0.20751953,
17889,-0.96972656,-0.06347656,-0.20654297,
17902,-0.97753906,-0.05810547,-0.2084961,
17913,-0.9746094,-0.049804688,-0.2084961,
17918,-0.96777344,-0.04736328,-0.20996094,
17925,-0.9716797,-0.043945312,-0.2133789,
17936,-0.96777344,-0.041503906,-0.21240234,
17947,-0.9667969,-0.04638672,-0.20996094,
17958,-0.9628906,-0.046875,-0.20458984,
17970,-0.9628906,-0.04736328,-0.19873047,
17980,-0.96728516,-0.0546875,-0.19628906,
17994,-0.9716797,-0.057128906,-0.19384766,
17995,-0.9716797,-0.056640625,-0.1953125,
18004,-0.96875,-0.05126953,-0.2006836,
18015,-0.96777344,-0.040527344,-0.203125,
18026,-0.96533203,-0.03857422,-0.2084961,
18037,-0.9663086,-0.041015625,-0.21582031,
18060,-0.96777344,-0.041015625,-0.21582031,
18063,-0.9692383,-0.036621094,-0.21289062,
18064,-0.96777344,-0.033203125,-0.21191406,
18082,-0.9692383,-0.032714844,-0.21484375,
18086,-0.9711914,-0.030761719,-0.2211914,
18093,-0.97265625,-0.03564453,-0.22558594,
18105,-0.9692383,-0.036621094,-0.22851562,
18138,-0.9638672,-0.036132812,-0.23583984,
18139,-0.9614258,-0.041992188,-0.23242188,
18149,-0.9638672,-0.044921875,-0.2319336,
18155,-0.9667969,-0.048339844,-0.22705078,
18165,-0.96972656,-0.043945312,-0.22851562,
18170,-0.9628906,-0.037109375,-0.23339844,
18182,-0.9658203,-0.03515625,-0.23291016,
18193,-0.96777344,-0.032714844,-0.23828125,
18205,-0.97265625,-0.026367188,-0.2529297,
18215,-0.9633789,-0.023925781,-0.2607422,
18227,-0.9604492,-0.021972656,-0.2607422,
18239,-0.9614258,-0.025390625,-0.25976562,
18241,-0.9638672,-0.037597656,-0.25830078,
18250,-0.9663086,-0.041992188,-0.24951172,
18261,-0.9663086,-0.041015625,-0.24951172,
18272,-0.9658203,-0.041015625,-0.24707031,
18284,-0.9614258,-0.030761719,-0.2475586,
18296,-0.95703125,-0.024902344,-0.2475586,
18306,-0.9609375,-0.020996094,-0.2475586,
18318,-0.9628906,-0.024414062,-0.25195312,
18320,-0.9604492,-0.021484375,-0.25048828,
18330,-0.96484375,-0.026855469,-0.24804688,
18341,-0.9609375,-0.030273438,-0.24658203,
18352,-0.96435547,-0.02734375,-0.2368164,
18364,-0.96240234,-0.026367188,-0.24023438,
18374,-0.9555664,-0.024902344,-0.2475586,
18385,-0.95751953,-0.023925781,-0.25,
18399,-0.95996094,-0.020019531,-0.25732422,
18400,-0.9628906,-0.020996094,-0.2680664,
18408,-0.9604492,-0.017089844,-0.27392578,
18423,-0.96240234,-0.016601562,-0.2734375,
18429,-0.9609375,-0.022949219,-0.27392578,
18440,-0.96191406,-0.026855469,-0.2709961,
18452,-0.95996094,-0.028320312,-0.26904297,
18464,-0.95703125,-0.025878906,-0.26416016,
18476,-0.9667969,-0.03125,-0.2709961,
18480,-0.96972656,-0.027832031,-0.27148438,
18487,-0.97314453,-0.032714844,-0.27246094,
18497,-0.9711914,-0.025878906,-0.27978516,
18509,-0.9736328,-0.032714844,-0.28076172,
18519,-0.9658203,-0.020507812,-0.27001953,
18530,-0.9863281,-0.03955078,-0.24902344,
18541,-0.97558594,-0.078125,-0.25878906,
18552,-0.9633789,-0.09033203,-0.24853516,
18553,-0.9628906,-0.10888672,-0.24169922,
18576,-0.9321289,-0.107421875,-0.26708984,
18577,-0.9458008,-0.06982422,-0.2680664,
18586,-0.97021484,0.0073242188,-0.27392578,
18598,-0.9741211,0.04736328,-0.27978516,
18609,-0.9628906,0.052246094,-0.2758789,
18636,-0.96191406,0.03955078,-0.2890625,
18639,-0.94677734,0.0234375,-0.3017578,
18640,-0.9448242,0.0126953125,-0.31103516,
18643,-0.9482422,0.008300781,-0.31347656,
18654,-0.9501953,-0.0107421875,-0.31201172,
18665,-0.95410156,-0.019042969,-0.30664062,
18676,-0.9560547,-0.025390625,-0.3017578,
18688,-0.9536133,-0.037109375,-0.30273438,
18700,-0.9536133,-0.041503906,-0.30029297,
18710,-0.9511719,-0.03173828,-0.30126953,
18724,-0.9477539,-0.037597656,-0.30566406,
18726,-0.94628906,-0.044921875,-0.3076172,
18733,-0.9526367,-0.049804688,-0.30517578,
18744,-0.94384766,-0.057617188,-0.30810547,
18755,-0.9399414,-0.061523438,-0.3095703,
18768,-0.94384766,-0.060058594,-0.31201172,
18778,-0.95410156,-0.063964844,-0.31298828,
18789,-0.95751953,-0.061523438,-0.31201172,
18801,-0.9482422,-0.057128906,-0.30664062,
18802,-0.9433594,-0.047851562,-0.29882812,
18814,-0.9506836,-0.043945312,-0.29638672,
18836,-0.9472656,-0.048339844,-0.29638672,
18839,-0.94921875,-0.05029297,-0.2915039,
18847,-0.9453125,-0.05419922,-0.28808594,
18870,-0.9453125,-0.061523438,-0.28955078,
18904,-0.9477539,-0.060058594,-0.29101562,
18906,-0.9453125,-0.06347656,-0.2939453,
18908,-0.94677734,-0.0625,-0.28564453,
18916,-0.94677734,-0.067871094,-0.28710938,
18919,-0.9501953,-0.064453125,-0.28759766,
18931,-0.95410156,-0.06542969,-0.2861328,
18932,-0.9628906,-0.064941406,-0.29003906,
18947,-0.96777344,-0.060546875,-0.29589844,
18949,-0.96240234,-0.057128906,-0.2993164,
18952,-0.9550781,-0.056152344,-0.3022461,
18969,-0.9560547,-0.06298828,-0.29882812,
18993,-0.94970703,-0.072753906,-0.296875,
18994,-0.95214844,-0.07324219,-0.2944336,
19024,-0.94921875,-0.07080078,-0.28027344,
19031,-0.95654297,-0.07080078,-0.28027344,
19041,-0.9609375,-0.06201172,-0.28173828,
19043,-0.96484375,-0.06201172,-0.28564453,
19050,-0.9633789,-0.06347656,-0.28710938,
19076,-0.95751953,-0.072265625,-0.29296875,
19084,-0.94970703,-0.06689453,-0.29052734,
19095,-0.94921875,-0.064453125,-0.2944336,
19106,-0.9536133,-0.068359375,-0.29541016,
19126,-0.95654297,-0.06982422,-0.30419922,
19133,-0.9604492,-0.071777344,-0.30419922,
19138,-0.9638672,-0.06933594,-0.30273438,
19142,-0.9589844,-0.07324219,-0.29833984,
19149,-0.96191406,-0.075683594,-0.296875,
19172,-0.97509766,-0.07763672,-0.29736328,
19184,-0.97314453,-0.08203125,-0.30419922,
19206,-0.9741211,-0.079589844,-0.3071289,
19210,-0.9692383,-0.07324219,-0.29882812,
19211,-0.97021484,-0.08105469,-0.29101562,
19218,-0.96777344,-0.09033203,-0.29052734,
19221,-0.9638672,-0.08251953,-0.2861328,
19229,-0.95947266,-0.07128906,-0.28076172,
19240,-0.9628906,-0.072265625,-0.28173828,
19250,-0.96484375,-0.07763672,-0.28125,
19261,-0.9584961,-0.07861328,-0.28076172,
19274,-0.95458984,-0.075683594,-0.27783203,
19284,-0.9633789,-0.072753906,-0.27539062,
19296,-0.9707031,-0.07910156,-0.27197266,
19300,-0.95947266,-0.07763672,-0.26953125,
19307,-0.9550781,-0.07080078,-0.26123047,
19319,-0.95751953,-0.07080078,-0.25341797,
19330,-0.9589844,-0.0703125,-0.24902344,
19341,-0.9580078,-0.07763672,-0.24023438,
19353,-0.9555664,-0.07763672,-0.23876953,
19365,-0.9584961,-0.07324219,-0.23388672,
19375,-0.95751953,-0.06689453,-0.22509766,
19377,-0.9604492,-0.064941406,-0.22607422,
19386,-0.96191406,-0.060546875,-0.2241211,
19398,-0.9663086,-0.06347656,-0.22167969,
19409,-0.9658203,-0.06591797,-0.22363281,
19421,-0.96533203,-0.07080078,-0.2265625,
19431,-0.9638672,-0.068359375,-0.22705078,
19455,-0.9604492,-0.06298828,-0.2241211,
19460,-0.96533203,-0.0625,-0.22216797,
19481,-0.96777344,-0.07080078,-0.22314453,
19483,-0.96972656,-0.06738281,-0.22314453,
19501,-0.97216797,-0.06982422,-0.22265625,
19502,-0.96728516,-0.072265625,-0.21826172,
19524,-0.9633789,-0.06933594,-0.22216797,
19527,-0.96533203,-0.06298828,-0.22460938,
19528,-0.95654297,-0.060546875,-0.23046875,
19534,-0.9550781,-0.05810547,-0.22705078,
19537,-0.94677734,-0.056640625,-0.22265625,
19556,-0.9511719,-0.06640625,-0.21826172,
19558,-0.95947266,-0.072753906,-0.21679688,
19571,-0.96484375,-0.0703125,-0.21582031,
19582,-0.96484375,-0.06640625,-0.21435547,
19589,-0.97265625,-0.067871094,-0.21777344,
19599,-0.97753906,-0.0625,-0.22070312,
19634,-0.9736328,-0.05859375,-0.2241211,
19636,-0.96972656,-0.060058594,-0.23291016,
19646,-0.9736328,-0.063964844,-0.23583984,
19657,-0.9711914,-0.06640625,-0.23730469,
19662,-0.96728516,-0.071777344,-0.23535156,
19667,-0.96484375,-0.068847656,-0.23242188,
19669,-0.96435547,-0.064941406,-0.23144531,
19678,-0.96728516,-0.068847656,-0.22851562,
19690,-0.9707031,-0.07128906,-0.23144531,
19692,-0.9663086,-0.07080078,-0.2319336,
19713,-0.97265625,-0.0625,-0.23779297,
19715,-0.97265625,-0.0546875,-0.23388672,
19735,-0.9667969,-0.060058594,-0.23535156,
19739,-0.9633789,-0.06542969,-0.23632812,
19747,-0.96972656,-0.06542969,-0.23242188,
19759,-0.9736328,-0.06933594,-0.23339844,
19770,-0.97265625,-0.06689453,-0.22949219,
19772,-0.9707031,-0.06298828,-0.22802734,
19792,-0.9716797,-0.064941406,-0.23046875,
19795,-0.9819336,-0.06933594,-0.2265625,
19817,-0.9819336,-0.06542969,-0.22949219,
19821,-0.9682617,-0.06640625,-0.22949219,
19825,-0.95947266,-0.063964844,-0.22802734,
19837,-0.96435547,-0.06591797,-0.22314453,
19848,-0.9638672,-0.06542969,-0.22509766,
19851,-0.9658203,-0.0625,-0.21777344,
19871,-0.9667969,-0.06640625,-0.20947266,
19875,-0.9667969,-0.06591797,-0.2055664,
19917,-0.96533203,-0.060058594,-0.20166016,
19921,-0.96972656,-0.053710938,-0.19580078,
19923,-0.9736328,-0.05517578,-0.19091797,
19931,-0.9741211,-0.060546875,-0.19042969,
19932,-0.9770508,-0.059570312,-0.19042969,
19939,-0.97558594,-0.060058594,-0.19970703,
19945,-0.9746094,-0.0625,-0.20117188,
19950,-0.9707031,-0.067871094,-0.20019531,
19973,-0.9765625,-0.064941406,-0.20166016,
19975,-0.9765625,-0.06298828,-0.20458984,
19983,-0.96972656,-0.061035156,-0.20263672,
19998,-0.9736328,-0.05859375,-0.20410156,
20006,-0.9692383,-0.056640625,-0.20654297,
20025,-0.97265625,-0.0625,-0.20605469,
20026,-0.9736328,-0.0625,-0.20947266,
20028,-0.97265625,-0.059570312,-0.20703125,
20051,-0.9716797,-0.06298828,-0.20458984,
20054,-0.9692383,-0.057128906,-0.20605469,
20073,-0.97216797,-0.060546875,-0.20458984,
20076,-0.9716797,-0.060546875,-0.20019531,
20084,-0.97265625,-0.057128906,-0.19628906,
20094,-0.9667969,-0.056152344,-0.19384766,
20109,-0.9663086,-0.05517578,-0.18847656,
20113,-0.96972656,-0.057617188,-0.18310547,
20131,-0.97314453,-0.05908203,-0.18359375,
20135,-0.9736328,-0.059570312,-0.18457031,
20153,-0.97753906,-0.057617188,-0.18554688,
20156,-0.9765625,-0.061035156,-0.1850586,
20161,-0.9760742,-0.060058594,-0.1899414,
20172,-0.98046875,-0.0546875,-0.1953125,
20174,-0.9790039,-0.053710938,-0.19873047,
20184,-0.97265625,-0.0546875,-0.19970703,
20196,-0.97802734,-0.053222656,-0.20166016,
20206,-0.9790039,-0.05810547,-0.20507812,
20231,-0.97265625,-0.0625,-0.20654297,
20238,-0.9746094,-0.055664062,-0.20263672,
20242,-0.97509766,-0.053222656,-0.20361328,
20253,-0.9711914,-0.052734375,-0.203125,
20256,-0.96728516,-0.049804688,-0.19433594,
20264,-0.9711914,-0.04736328,-0.18847656,
20286,-0.9746094,-0.05126953,-0.18310547,
20300,-0.97314453,-0.05419922,-0.18115234,
20302,-0.9741211,-0.05419922,-0.17675781,
20309,-0.9760742,-0.053710938,-0.1694336,
20320,-0.98046875,-0.053222656,-0.16894531,
20336,-0.9790039,-0.052734375,-0.17138672,
20337,-0.97509766,-0.05517578,-0.17285156,
20342,-0.9741211,-0.053222656,-0.17089844,
20353,-0.9785156,-0.052246094,-0.17626953,
20364,-0.9770508,-0.04638672,-0.18115234,
20375,-0.97265625,-0.04638672,-0.17675781,
20386,-0.96728516,-0.0546875,-0.17333984,
20398,-0.96484375,-0.055664062,-0.16992188,
20421,-0.96777344,-0.047851562,-0.16552734,
20422,-0.9746094,-0.049316406,-0.15917969,
20431,-0.97314453,-0.052734375,-0.16064453,
20434,-0.9760742,-0.060058594,-0.16357422,
20442,-0.97998047,-0.052734375,-0.16113281,
20453,-0.97753906,-0.049804688,-0.16064453,
20464,-0.97314453,-0.05126953,-0.17382812,
20476,-0.97753906,-0.049804688,-0.17578125,
